,id,datetime,total_tests,total_cases,total_recovered,total_deaths,total_critical,last_tests,last_cases,last_recovered,last_deaths,last_critical,reference
0,4,2021-05-08T12:46:11,"12,149,935","854,240","752,712","18,797","4,986","48,103","4,109","4,957",120,0,https://covid.gov.pk/
1,5,2021-05-09T05:05:44,"12,190,671","858,026","757,281","18,915","4,903","40,736","3,785","4,569",118,0,https://covid.gov.pk/
2,6,2021-05-10T05:17:07,"12,228,427","861,473","762,105","18,993","4,846","37,756","3,447","4,824",78,0,https://covid.gov.pk/
3,7,2021-05-11T04:17:53,"12,267,310","864,557","766,492","19,106","4,859","38,883","3,084","4,387",113,13,https://covid.gov.pk/
4,8,2021-05-12T04:21:57,"12,310,875","867,438","771,692","19,210","4,707","38,616","2,869","5,200",104,0,https://covid.gov.pk/
5,9,2021-05-13T04:23:26,"12,349,976","870,703","776,315","19,336","4,567","39,101","3,265","4,623",126,0,https://covid.gov.pk/
6,10,2021-05-14T04:24:40,"12,380,676","873,220","780,438","19,384","4,330","30,700","2,517","4,123",48,0,https://covid.gov.pk/
7,12,2021-05-15T05:21:17,"12,410,924","874,751","783,480","19,467","4,387","30,248","1,531","3,042",83,57,https://covid.gov.pk/
8,13,2021-05-16T05:23:31,"12,444,042","877,130","788,768","19,543","4,376","30,402","2,379","5,288",76,0,https://covid.gov.pk/
9,14,2021-05-17T04:24:44,"12,480,767","880,362","792,522","19,617","4,443","36,725","3,232","3,754",74,67,https://covid.gov.pk/
10,15,2021-05-18T04:25:38,"12,510,568","882,928","795,511","19,752","4,361","29,801","2,566","2,989",135,0,https://covid.gov.pk/
11,16,2021-05-19T04:21:54,"12,552,339","886,184","799,951","19,856","4,549","41,771","3,256","4,440",104,188,https://covid.gov.pk/
12,17,2021-05-20T04:23:37,"12,603,469","890,391","804,122","19,987","4,517","51,130","4,207","4,171",131,0,https://covid.gov.pk/
13,18,2021-05-21T04:24:57,"12,654,997","893,461","810,143","20,089","4,424","51,528","3,070","6,021",102,0,https://covid.gov.pk/
14,19,2021-05-22T04:26:10,"12,717,235","897,468","813,855","20,177","4,412","62,238","4,007","3,712",88,0,https://covid.gov.pk/
15,20,2021-05-23T04:31:01,"12,779,296","900,552","817,681","20,251","4,392","62,061","3,084","3,826",74,0,https://covid.gov.pk/
16,21,2021-05-24T04:15:35,"12,837,818","903,599","820,374","20,308","4,763","58,670","3,060","2,693",57,0,https://covid.gov.pk/
17,22,2021-05-25T05:30:45,"12,884,544","905,852","823,157","20,400","4,723","46,726","2,253","2,783",92,0,https://covid.gov.pk/
18,23,2021-05-26T04:42:36,"12,943,620","908,576","827,843","20,465","4,242","59,076","2,724","4,686",65,0,https://covid.gov.pk/
19,24,2021-05-27T04:48:35,"13,006,326","911,302","831,744","20,540","4,109","62,706","2,726","3,901",75,0,https://covid.gov.pk/
20,25,2021-05-28T05:19:24,"13,057,951","913,784","834,566","20,607","4,132","51,625","2,482","2,822",67,23,https://covid.gov.pk/
21,26,2021-05-29T05:50:05,"13,113,393","916,239","836,702","20,680","4,083","55,442","2,455","2,136",73,0,https://covid.gov.pk/
22,27,2021-05-30T05:30:19,"13,169,358","918,936","839,322","20,736","4,017","55,965","2,697","2,620",56,0,https://covid.gov.pk/
23,28,2021-05-31T05:38:15,"13,221,581","921,053","841,241","20,779","3,947","52,223","2,117","1,919",43,0,https://covid.gov.pk/
24,29,2021-06-01T05:52:55,"13,269,214","922,824","844,638","20,850","3,842","47,633","1,771","3,397",71,0,https://covid.gov.pk/
25,30,2021-06-02T05:43:41,"13,316,397","924,667","848,685","20,930","3,767","47,183","1,843","4,047",80,0,https://covid.gov.pk/
26,31,2021-06-03T05:38:57,"13,367,920","926,695","852,574","21,022","3,630","51,523","2,028","3,889",92,0,https://covid.gov.pk/
27,32,2021-06-04T05:24:44,"13,420,779","928,588","856,005","21,105","3,557","52,859","1,893","3,431",83,0,https://covid.gov.pk/
28,33,2021-06-05T05:02:50,"13,471,172","930,511","860,385","21,189","3,452","50,393","1,923","4,380",84,0,https://covid.gov.pk/
29,34,2021-06-06T10:32:31,"13,523,599","932,140","863,111","21,265","3,303","52,427","1,629","2,726",76,0,https://covid.gov.pk/
30,35,2021-06-07T05:17:55,"13,572,884","933,630","864,931","21,323","3,205","49,285","1,490","1,820",58,0,https://covid.gov.pk/
31,36,2021-06-08T05:13:05,"13,619,766","935,013","867,447","21,376","3,196","46,882","1,383","2,516",53,0,https://covid.gov.pk/
32,37,2021-06-09T04:26:16,"13,663,666","936,131","869,691","21,453","3,024","43,900","1,118","2,244",77,0,https://covid.gov.pk/
33,38,2021-06-10T04:19:01,"13,705,490","937,434","871,669","21,529","2,967","41,824","1,303","1,978",76,0,https://covid.gov.pk/
34,39,2021-06-11T04:07:22,"13,745,973","938,737","873,543","21,576","2,841","40,483","1,303","1,874",47,0,https://covid.gov.pk/
35,40,2021-06-12T04:04:10,"13,781,668","939,931","875,581","21,633","2,760","35,695","1,194","2,038",57,0,https://covid.gov.pk/
36,41,2021-06-13T05:09:04,"13,818,036","941,170","877,191","21,689","2,661","36,368","1,239","1,610",56,0,https://covid.gov.pk/
37,42,2021-06-14T04:05:42,"13,857,250","942,189","878,740","21,723","2,676","39,214","1,019","1,549",34,15,https://covid.gov.pk/
38,43,2021-06-15T04:05:47,"13,892,289","943,027","880,316","21,782","2,611","35,039",838,"1,576",59,0,https://covid.gov.pk/
39,44,2021-06-16T05:09:58,"13,934,493","944,065","882,332","21,828","2,490","42,113","1,038","2,016",46,0,https://covid.gov.pk/
40,45,2021-06-17T06:44:25,"13,971,689","945,184","887,095","21,874","2,494","37,196","1,119","4,763",46,4,https://covid.gov.pk/
41,46,2021-06-18T04:05:24,"14,026,336","946,227","888,505","21,913","2,413","54,647","1,043","1,410",39,0,https://covid.gov.pk/
42,47,2021-06-19T04:04:21,"14,072,605","947,218","889,787","21,940","2,296","46,269",991,"1,282",27,0,https://covid.gov.pk/
43,48,2021-06-20T11:32:18,"14,113,670","948,268","892,319","21,977","2,330","41,065","1,050","2,532",37,34,https://covid.gov.pk/
44,49,2021-06-21T04:05:06,"14,148,424","949,175","893,148","22,007","2,238","34,754",907,829,30,0,https://covid.gov.pk/
45,50,2021-06-22T04:06:20,"14,187,441","949,838","894,352","22,034","2,179","39,017",663,"1,204",27,0,https://covid.gov.pk/
46,51,2021-06-23T04:04:23,"14,232,960","950,768","895,690","22,073","2,173","45,519",930,"1,338",39,0,https://covid.gov.pk/
47,52,2021-06-24T04:03:13,"14,279,084","951,865","896,821","22,108","2,084","46,124","1,097","1,131",38,0,https://covid.gov.pk/
48,53,2021-06-25T04:05:51,"14,325,008","952,907","897,834","22,152","2,029","45,924","1,052","1,013",44,0,https://covid.gov.pk/
49,54,2021-06-26T04:06:03,"14,371,850","953,842","898,944","22,188","1,995","46,842",935,"1,110",36,0,https://covid.gov.pk/
50,55,2021-06-27T04:04:41,"14,416,394","954,743","900,291","22,211","1,941","44,544",901,"1,347",23,0,https://covid.gov.pk/
51,56,2021-06-28T04:05:43,"14,460,890","955,657","901,201","22,231","1,961","44,496",914,910,20,20,https://covid.gov.pk/
52,57,2021-06-29T04:04:52,"14,502,023","956,392","901,985","22,254","1,946","41,133",735,784,23,0,https://covid.gov.pk/
53,58,2021-06-30T04:04:37,"14,544,085","957,371","903,484","22,281","1,871","42,062",979,"1,499",27,0,https://covid.gov.pk/
54,59,2021-07-01T04:06:36,"14,590,230","958,408","904,320","22,321","1,844","46,145","1,037",836,40,0,https://covid.gov.pk/
55,60,2021-07-02T04:04:47,"14,637,171","959,685","905,430","22,345","1,863","46,941","1,277","1,110",24,19,https://covid.gov.pk/
56,61,2021-07-03T04:04:28,"14,685,198","961,085","906,387","22,379","1,871","48,027","1,400",957,34,8,https://covid.gov.pk/
57,62,2021-07-04T04:05:03,"14,733,030","962,313","907,284","22,408","1,875","47,832","1,228",897,29,4,https://covid.gov.pk/
58,63,2021-07-05T04:05:23,"14,778,275","963,660","907,934","22,427","1,894","45,245","1,347",650,19,19,https://covid.gov.pk/
59,64,2021-07-06T04:04:47,"14,815,639","964,490","908,648","22,452","1,968","37,364",830,714,25,74,https://covid.gov.pk/
60,65,2021-07-07T04:07:06,"14,861,926","966,007","909,525","22,469","1,941","46,287","1,517",877,17,0,https://covid.gov.pk/
61,66,2021-07-08T04:04:45,"14,911,743","967,633","910,609","22,493","1,980","50,531","1,683","1,084",24,39,https://covid.gov.pk/
62,67,2021-07-09T04:04:49,"14,960,221","969,476","911,383","22,520","1,971","47,528","1,737",774,25,0,https://covid.gov.pk/
63,68,2021-07-10T04:05:16,"15,008,355","971,304","912,295","22,555","2,049","48,134","1,828",912,35,78,https://covid.gov.pk/
64,69,2021-07-11T04:05:03,"15,056,787","973,284","913,203","22,582","2,119","48,382","1,980",908,27,70,https://covid.gov.pk/
65,70,2021-07-12T04:07:55,"15,103,802","975,092","913,873","22,597","2,162","47,015","1,808",670,15,43,https://covid.gov.pk/
66,71,2021-07-13T04:05:04,"15,152,403","976,867","914,605","22,618","2,181","43,790","1,590",732,21,19,https://covid.gov.pk/
67,72,2021-07-14T04:04:53,"15,199,875","978,847","915,343","22,642","2,258","47,472","1,980",738,24,77,https://covid.gov.pk/
68,73,2021-07-15T04:04:57,"15,248,785","981,392","916,373","22,689","2,336","48,910","2,545","1,030",47,78,https://covid.gov.pk/
69,74,2021-07-16T04:04:40,"15,286,475","983,719","917,329","22,720","2,388","37,690","2,327",956,31,52,https://covid.gov.pk/
70,75,2021-07-17T05:02:59,"15,345,158","986,668","918,329","22,760","2,508","49,247","2,783","1,000",39,120,https://covid.gov.pk/
71,76,2021-07-18T04:04:56,"15,393,974","989,275","919,163","22,781","2,508","48,816","2,607",834,21,0,https://covid.gov.pk/
72,77,2021-07-19T04:05:05,"15,443,477","991,727","920,066","22,811","2,532","49,503","2,452",903,30,24,https://covid.gov.pk/
73,78,2021-07-20T04:06:31,"15,484,282","993,872","921,095","22,848","2,697","40,805","2,145","1,029",37,65,https://covid.gov.pk/
74,79,2021-07-21T04:07:56,"15,525,468","996,451","922,034","22,888","2,590","41,186","2,579",939,40,0,https://covid.gov.pk/
75,80,2021-07-22T04:06:50,"15,559,684","998,609","922,929","22,928","2,525","34,216","2,158",895,40,0,https://covid.gov.pk/
76,81,2021-07-23T04:08:24,"15,584,899","1,000,034","923,472","22,939","2,525","25,215","1,425",543,11,0,https://covid.gov.pk/
77,82,2021-07-24T05:03:27,"15,622,535","1,001,875","924,782","22,971","2,551","37,636","1,841","1,310",32,26,https://covid.gov.pk/
78,83,2021-07-25T05:03:03,"15,667,114","1,004,694","925,958","23,016","2,573","44,579","2,819","1,176",45,22,https://covid.gov.pk/
79,84,2021-07-26T04:07:52,"15,717,061","1,008,446","927,599","23,048","2,677","49,947","3,752","1,641",32,104,https://covid.gov.pk/
80,85,2021-07-27T04:04:44,"15,766,473","1,011,708","928,722","23,087","2,722","49,412","3,262","1,123",39,45,https://covid.gov.pk/
81,86,2021-07-28T04:04:42,"15,818,764","1,015,827","935,742","23,133","2,898","52,291","4,119","7,020",44,176,https://covid.gov.pk/
82,87,2021-07-29T04:05:12,"15,878,471","1,020,324","937,354","23,209","3,084","59,707","4,497","1,612",76,186,https://covid.gov.pk/
83,88,2021-07-30T04:05:14,"15,936,674","1,024,861","938,843","23,295","3,117","58,203","4,537","1,489",86,33,https://covid.gov.pk/
84,89,2021-07-31T04:07:03,"15,995,153","1,029,811","940,164","23,360","3,187","58,479","4,950","1,321",65,70,https://covid.gov.pk/
85,90,2021-08-01T04:06:29,"16,052,118","1,034,837","941,659","23,422","3,208","56,965","5,026","1,495",62,21,https://covid.gov.pk/
86,91,2021-08-02T04:07:37,"16,108,532","1,039,695","943,020","23,462","3,441","56,414","4,858","1,361",40,233,https://covid.gov.pk/
87,92,2021-08-03T04:07:25,"16,158,330","1,043,277","944,375","23,529","3,398","49,798","3,582","1,355",67,0,https://covid.gov.pk/
88,93,2021-08-04T04:05:16,"16,215,728","1,047,999","945,829","23,575","3,858","57,398","4,722","1,454",46,460,https://covid.gov.pk/
89,94,2021-08-05T04:05:33,"16,278,190","1,053,660","952,616","23,635","4,050","62,462","5,661","6,787",60,192,https://covid.gov.pk/
90,95,2021-08-06T04:05:17,"16,336,171","1,058,405","954,711","23,702","4,157","57,981","4,745","2,095",67,107,https://covid.gov.pk/
91,96,2021-08-07T04:04:51,"16,393,404","1,063,125","959,491","23,797","4,275","57,233","4,720","4,780",95,118,https://covid.gov.pk/
92,97,2021-08-08T04:06:00,"16,448,406","1,067,580","961,639","23,865","4,282","55,002","4,455","2,148",68,7,https://covid.gov.pk/
93,98,2021-08-09T04:06:56,"16,501,934","1,071,620","964,404","23,918","3,805","53,528","4,040","2,765",53,0,https://covid.gov.pk/
94,99,2021-08-10T04:06:05,"16,551,440","1,075,504","967,073","24,004","4,530","49,506","3,884","2,669",86,725,https://covid.gov.pk/
95,100,2021-08-11T04:05:16,"16,616,130","1,080,360","972,098","24,085","4,513","65,690","4,856","5,025",81,0,https://covid.gov.pk/
96,101,2021-08-12T04:05:57,"16,675,527","1,085,294","975,474","24,187","4,584","59,397","4,934","3,376",102,71,https://covid.gov.pk/
97,102,2021-08-13T04:06:20,"16,735,031","1,089,913","979,411","24,266","4,656","59,504","4,619","3,937",79,72,https://covid.gov.pk/
98,103,2021-08-14T04:04:37,"16,794,167","1,094,699","983,754","24,339","4,729","59,136","4,786","4,343",73,73,https://covid.gov.pk/
99,104,2021-08-15T05:03:17,"16,848,371","1,098,410","986,795","24,406","4,792","54,204","3,711","3,041",67,63,https://covid.gov.pk/
100,105,2021-08-16T04:07:23,"16,902,015","1,102,079","989,013","24,478","4,787","53,644","3,669","2,218",72,0,https://covid.gov.pk/
101,106,2021-08-17T04:06:18,"16,950,196","1,105,300","993,304","24,573","4,896","48,181","3,221","4,291",95,109,https://covid.gov.pk/
102,107,2021-08-18T04:05:56,"17,007,656","1,109,274","996,426","24,639","4,885","57,460","3,974","3,122",66,0,https://covid.gov.pk/
103,108,2021-08-19T05:03:27,"17,063,290","1,113,647","999,403","24,713","4,939","55,634","4,373","2,977",74,54,https://covid.gov.pk/
104,109,2021-08-20T04:07:51,"17,115,272","17,115,272","1,002,430","24,783","4,893","51,982","3,239","3,027",70,0,https://covid.gov.pk/
105,110,2021-08-21T04:06:49,"17,169,042","1,119,970","1,006,078","24,848","5,151","53,770","3,084","3,648",65,258,https://covid.gov.pk/
106,111,2021-08-22T04:06:51,"17,222,569","1,123,812","1,009,555","24,923","5,301","53,527","3,842","3,477",75,150,https://covid.gov.pk/
107,112,2021-08-23T04:07:39,"17,276,450","1,127,584","1,012,662","25,003","5,390","53,881","3,772","3,107",80,89,https://covid.gov.pk/
108,113,2021-08-24T04:05:35,"17,336,393","1,131,659","1,015,519","25,094","5,513","59,943","4,075","2,857",91,123,https://covid.gov.pk/
109,114,2021-08-25T04:05:50,"17,397,803","1,135,858","1,019,434","25,220","5,586","61,410","4,199","3,915",141,73,https://covid.gov.pk/
110,115,2021-08-26T04:05:34,"17,459,249","1,140,411","1,022,847","25,320","5,476","61,466","4,553","3,413",85,0,https://covid.gov.pk/
111,116,2021-08-27T04:05:07,"17,520,285","1,144,341","1,026,082","25,415","5,515","62,496","4,016","3,235",95,39,https://covid.gov.pk/
112,117,2021-08-28T05:03:28,"17,585,023","1,148,572","1,029,930","25,535","5,596","61,306","4,191","3,848",120,81,https://covid.gov.pk/
113,118,2021-08-29T10:04:55,"17,647,941","1,152,481","1,033,373","25,604","5,639","62,918","3,909","3,443",69,43,https://covid.gov.pk/
114,119,2021-08-30T04:06:35,"17,704,220","1,156,281","1,036,921","25,670","5,612","56,279","3,800","3,548",66,0,https://covid.gov.pk/
115,120,2021-08-31T04:05:25,"17,756,332","1,160,119","1,039,758","25,788","5,542","52,112","3,838","2,837",118,0,https://covid.gov.pk/
116,121,2021-09-01T04:06:39,"17,809,969","1,163,688","1,043,898","25,889","5,690","53,637","3,559","4,140",101,148,https://covid.gov.pk/
117,122,2021-09-02T04:05:23,"17,871,620","1,167,791","1,048,872","25,978","4,717","61,651","4,103","4,874",89,27,https://covid.gov.pk/
118,123,2021-09-03T04:05:12,"17,931,365","1,171,578","1,055,467","26,035","5,606","59,745","3,787","6,595",57,0,https://covid.gov.pk/
119,124,2021-09-05T04:06:56,"18,053,326","1,179,305","1,060,881","26,175","5,506","57,908","3,747","2,940",61,0,https://covid.gov.pk/
120,125,2021-09-06T04:05:37,"18,110,457","1,182,918","1,064,319","26,232","5,606","57,131","3,613","3,438",57,100,https://covid.gov.pk/
121,126,2021-09-07T04:05:56,"18,162,771","1,186,234","1,067,589","26,330","5,478","52,314","3,316","3,270",98,0,https://covid.gov.pk/
122,127,2021-09-08T04:05:27,"18,223,308","1,190,136","1,071,976","26,413","5,389","60,537","3,902","4,387",83,0,https://covid.gov.pk/
123,128,2021-09-09T04:05:34,"18,286,469","1,194,198","1,076,112","26,497","5,383","63,161","4,062","4,136",84,0,https://covid.gov.pk/
124,129,2021-09-10T04:06:29,"18,347,597","1,197,887","1,079,867","26,580","5,362","61,128","3,689","3,755",83,0,https://covid.gov.pk/
125,130,2021-09-11T04:06:44,"18,410,778","1,201,367","1,082,988","26,662","5,373","63,181","3,480","3,121",82,11,https://covid.gov.pk/
126,131,2021-09-12T05:03:36,"18,468,570","1,204,520","1,086,785","26,720","5,370","57,792","3,153","3,797",58,0,https://covid.gov.pk/
127,132,2021-09-13T04:05:56,"18,521,728","1,207,508","1,090,176","26,787","5,066","53,158","2,988","3,391",67,0,https://covid.gov.pk/
128,133,2021-09-14T04:06:54,"18,568,658","1,210,082","1,097,416","26,865","5,304","47,419","2,580","7,240",78,238,https://covid.gov.pk/
129,134,2021-09-15T04:06:01,"18,625,952","1,212,809","1,108,339","26,938","5,122","56,733","2,714","10,923",73,0,https://covid.gov.pk/
130,135,2021-09-16T04:05:26,"18,682,730","1,215,821","1,112,236","27,004","5,039","56,778","3,012","3,897",66,0,https://covid.gov.pk/
131,136,2021-09-17T04:06:40,"18,740,356","1,218,749","1,125,952","27,072","4,960","57,626","2,928","13,716",68,0,https://covid.gov.pk/
132,137,2021-09-18T04:05:13,"18,797,433","1,221,261","1,129,562","27,135","5,117","57,077","2,512","3,610",63,157,https://covid.gov.pk/
133,138,2021-09-19T04:06:44,"18,852,460","1,223,841","1,132,726","27,206","4,964","55,027","2,580","3,164",71,0,https://covid.gov.pk/
134,139,2021-09-20T05:03:35,"18,903,808","1,226,008","1,135,038","27,246","4,840","51,348","2,167","2,312",40,0,https://covid.gov.pk/
135,140,2021-09-21T04:05:45,"18,950,039","1,227,905","1,137,656","27,327","4,846","46,231","1,897","2,618",81,6,https://covid.gov.pk/
136,141,2021-09-22T04:08:02,"19,001,178","1,230,238","1,140,917","27,374","4,641","51,139","2,333","3,261",47,0,https://covid.gov.pk/
137,142,2021-09-23T04:05:12,"19,049,329","1,232,595","1,143,605","27,432","4,561","48,151","2,357","2,688",58,0,https://covid.gov.pk/
138,143,2021-09-24T04:06:11,"19,102,117","1,234,828","1,146,394","27,482","4,409","52,788","2,233","2,789",50,0,https://covid.gov.pk/
139,144,2021-09-25T04:06:12,"19,147,075","1,236,888","1,157,322","27,524","4,267","44,958","2,060","10,928",42,0,https://covid.gov.pk/
140,145,2021-09-26T05:03:32,"19,191,787","1,238,668","1,160,412","27,566","4,199","44,712","1,780","3,090",42,0,https://covid.gov.pk/
141,146,2021-09-27T05:03:45,"19,240,519","1,240,425","1,162,177","27,597","4,033","48,732","1,757","1,765",31,0,https://covid.gov.pk/
142,147,2021-09-28T05:03:16,"19,284,635","1,241,825","1,164,219","27,638","4,015","44,116","1,400","2,042",41,0,https://covid.gov.pk/
143,148,2021-09-29T04:05:33,"19,333,471","1,243,385","1,167,189","27,690","3,948","48,836","1,560","2,970",52,0,https://covid.gov.pk/
144,149,2021-09-30T04:05:12,"19,386,106","1,245,127","1,169,566","27,729","3,768","52,635","1,742","2,377",39,0,https://covid.gov.pk/
145,150,2021-10-01T04:08:25,"19,435,155","1,246,538","1,170,590","27,785","3,649","49,049","1,411","1,024",56,0,https://covid.gov.pk/
146,151,2021-10-02T04:06:47,"19,486,951","1,248,202","1,173,437","27,831","3,511","51,796","1,664","2,847",46,0,https://covid.gov.pk/
147,152,2021-10-03T05:03:35,"19,537,730","1,249,858","1,175,489","27,866","3,445","50,779","1,656","2,052",35,0,https://covid.gov.pk/
148,153,2021-10-04T04:07:48,"19,590,145","1,251,348","1,177,249","27,893","3,407","52,415","1,490","1,760",27,0,https://covid.gov.pk/
149,154,2021-10-05T04:06:36,"19,639,052","1,252,656","1,178,883","27,947","3,110","48,907","1,308","1,634",54,0,https://covid.gov.pk/
150,155,2021-10-06T04:05:14,"19,685,529","1,253,868","1,181,054","27,986","3,079","46,477","1,212","2,171",39,0,https://covid.gov.pk/
151,156,2021-10-07T04:07:42,"19,736,872","1,255,321","1,182,894","28,032","2,934","51,343","1,453","1,840",46,0,https://covid.gov.pk/
152,157,2021-10-08T04:06:45,"19,782,491","1,256,233","1,184,527","28,058","2,761","45,619",912,"1,633",26,0,https://covid.gov.pk/
153,158,2021-10-09T04:07:28,"19,827,048","1,257,188","1,185,749","28,087","2,644","44,557",955,"1,222",29,0,https://covid.gov.pk/
154,159,2021-10-10T05:03:37,"19,867,632","1,257,955","1,187,308","28,106","2,540","40,584",767,"1,559",19,0,https://covid.gov.pk/
155,160,2021-10-11T04:05:34,"19,911,021","1,258,959","1,188,562","28,134","2,473","43,389","1,004","1,254",28,0,https://covid.gov.pk/
156,161,2021-10-12T05:03:43,"19,953,497","1,259,648","1,189,742","28,152","2,280","42,476",689,"1,180",18,0,https://covid.gov.pk/
157,162,2021-10-13T04:06:11,"19,997,075","1,260,669","1,191,425","28,173","2,257","43,578","1,021","1,683",21,0,https://covid.gov.pk/
158,163,2021-10-14T04:06:29,"20,045,009","1,261,685","1,193,175","28,201","2,195","47,934","1,016","1,750",28,0,https://covid.gov.pk/
159,164,2021-10-15T04:07:05,"20,098,599","1,262,771","1,194,590","28,228","2,131","53,590","1,086","1,415",27,0,https://covid.gov.pk/
160,165,2021-10-16T04:05:30,"20,151,188","1,263,664","1,208,438","28,252","2,013","52,589",893,"13,848",24,0,https://covid.gov.pk/
161,166,2021-10-17T05:03:29,"20,196,019","1,264,384","1,209,878","28,269","1,958","44,831",720,"1,440",17,0,https://covid.gov.pk/
162,167,2021-10-18T04:07:48,"20,235,921","1,265,047","1,210,897","28,280","1,913","39,902",663,"1,019",11,0,https://covid.gov.pk/
163,168,2021-10-19T04:05:50,"20,279,697","1,265,650","1,211,710","28,300","1,825","43,786",603,813,20,0,https://covid.gov.pk/
164,169,2021-10-20T04:07:41,"20,321,823","1,266,204","1,212,687","28,312","1,783","42,126",554,977,12,0,https://covid.gov.pk/
165,170,2021-10-21T04:06:17,"20,366,157","1,266,826","1,213,799","28,328","1,690","44,334",622,"1,112",16,0,https://covid.gov.pk/
166,171,2021-10-22T04:07:32,"20,405,357","1,267,393","1,214,663","28,344","1,704","39,200",567,864,16,14,https://covid.gov.pk/
167,172,2021-10-23T04:05:31,"20,444,536","1,267,945","1,215,505","28,359","1,648","39,179",552,842,15,0,https://covid.gov.pk/
168,173,2021-10-24T04:06:27,"20,488,058","1,268,536","1,216,242","28,377","1,614","43,522",591,737,18,0,https://covid.gov.pk/
169,174,2021-10-25T04:07:23,"20,530,153","1,269,234","1,216,908","28,386","1,524","42,095",698,666,9,0,https://covid.gov.pk/
170,175,2021-10-26T04:05:57,"20,572,249","1,269,806","1,217,218","28,392","1,028","42,096",572,310,6,0,https://covid.gov.pk/
171,176,2021-10-27T04:07:09,"20,610,681","1,270,322","1,217,935","28,405","1,487","38,430",516,717,13,459,https://covid.gov.pk/
172,177,2021-10-28T04:07:32,"20,660,167","1,271,027","1,219,174","28,414","1,408","49,486",706,"1,239",9,0,https://covid.gov.pk/
173,178,2021-10-29T04:06:53,"20,705,288","1,271,687","1,220,105","28,431","1,395","45,093",659,931,17,0,https://covid.gov.pk/
174,179,2021-10-30T04:05:41,"20,750,978","1,272,345","1,220,941","28,439","1,364","45,690",658,836,10,0,https://covid.gov.pk/
175,180,2021-10-31T04:07:04,"20,799,170","1,273,078","1,221,535","28,449","1,402","48,192",733,594,11,38,https://covid.gov.pk/
176,181,2021-11-01T05:05:27,"20,839,791","1,273,560","1,222,559","28,456","1,338","40,621",482,"1,024",6,0,https://covid.gov.pk/
177,182,2021-11-02T04:07:16,"20,879,087","1,274,017","1,222,987","28,466","1,234","39,296",457,428,10,0,https://covid.gov.pk/
178,183,2021-11-03T04:07:21,"20,923,001","1,274,578","1,223,531","28,477","1,313","43,914",561,544,11,79,https://covid.gov.pk/
179,184,2021-11-04T04:06:38,"20,966,900","1,275,158","1,224,085","28,496","1,247","43,901",580,554,19,0,https://covid.gov.pk/
180,185,2021-11-05T04:06:08,"21,011,048","1,275,673","1,224,425","28,507","1,229","44,148",515,340,11,0,https://covid.gov.pk/
181,186,2021-11-06T04:06:27,"21,057,966","1,276,240","1,224,870","28,518","1,236","46,918",567,445,11,7,https://covid.gov.pk/
182,187,2021-11-07T04:05:36,"21,101,314","1,276,711","1,225,363","28,538","1,233","43,348",471,493,20,0,https://covid.gov.pk/
183,188,2021-11-08T04:07:09,"21,143,023","1,277,160","1,225,880","28,547","1,235","41,709",449,517,9,3,https://covid.gov.pk/
184,189,2021-11-09T04:07:13,"21,185,396","1,277,560","1,226,157","28,558","1,206","42,373",400,277,11,0,https://covid.gov.pk/
185,190,2021-11-10T10:05:27,"21,231,524","1,278,114","1,226,590","28,566","1,167","46,128",554,443,8,0,https://covid.gov.pk/
186,191,2021-11-11T04:05:54,"21,280,406","1,278,751","1,226,906","28,575","1,156","48,882",637,316,9,0,https://covid.gov.pk/
187,192,2021-11-12T04:06:30,"21,318,930","1,279,142","1,227,228","28,584","1,158","38,524",391,322,9,2,https://covid.gov.pk/
188,193,2021-11-13T10:06:55,"21,352,792","1,279,373","1,227,688","28,595","1,119","33,862",231,460,11,0,https://covid.gov.pk/
189,194,2021-11-14T10:05:34,"21,386,559","1,279,636","1,228,175","28,606","1,114","33,767",263,487,11,0,https://covid.gov.pk/
190,195,2021-11-15T05:04:21,"21,419,025","1,279,876","1,228,473","28,612","1,111","32,466",240,298,6,0,https://covid.gov.pk/
191,196,2021-11-16T04:06:04,"21,452,460","1,280,092","1,228,848","28,618","1,101","33,435",216,375,6,0,https://covid.gov.pk/
192,197,2021-11-17T04:07:30,"21,484,466","1,280,362","1,229,347","28,628","1,085","32,006",270,499,10,0,https://covid.gov.pk/
193,198,2021-11-18T04:06:30,"21,525,597","1,280,822","1,229,683","28,638","1,044","41,131",460,336,10,0,https://covid.gov.pk/
194,199,2021-11-19T04:06:54,"21,565,738","1,281,240","1,230,094","28,648","1,083","40,143",418,411,10,39,https://covid.gov.pk/
195,200,2021-11-20T05:03:54,"21,604,940","1,281,559","1,230,425","28,655","1,077","39,200",319,331,7,0,https://covid.gov.pk/
196,201,2021-11-21T04:06:17,"21,644,957","1,281,872","1,230,734","28,659","1,064","40,019",313,309,4,0,https://covid.gov.pk/
197,202,2021-11-22T04:07:30,"21,682,105","1,282,195","1,230,970","28,663","1,043","37,148",322,236,3,0,https://covid.gov.pk/
198,203,2021-11-23T04:06:03,"21,717,637","1,282,510","1,238,980","28,668","1,026","35,332",315,"8,010",5,0,https://covid.gov.pk/
199,204,2021-11-24T04:06:53,"21,755,675","1,282,860","1,239,995","28,677","1,007","38,038",350,"1,015",9,0,https://covid.gov.pk/
200,205,2021-11-25T04:07:20,"21,796,915","1,283,223","1,240,995","28,690","1,002","41,240",363,"1,000",13,0,https://covid.gov.pk/
201,206,2021-11-26T04:06:14,"21,832,091","1,283,475","1,241,289","28,697",958,"35,176",252,294,7,0,https://covid.gov.pk/
202,207,2021-11-27T04:06:59,"21,876,689","1,283,886","1,241,589","28,704",935,"44,598",411,300,7,0,https://covid.gov.pk/
203,208,2021-11-28T04:06:46,"21,913,668","1,284,189","1,241,761","28,709",946,"36,979",303,172,5,1,https://covid.gov.pk/
204,209,2021-11-29T04:08:10,"21,913,668","1,284,365","1,241,761","28,709",946,"36,979",176,172,5,1,https://covid.gov.pk/
205,210,2021-11-30T04:04:24,"21,985,775","1,284,840","1,242,236","28,728",905,"42,577",475,327,10,0,https://covid.gov.pk/
206,211,2021-12-01T04:11:24,"22,028,156","1,285,254","1,242,354","28,737",896,"42,381",414,118,9,0,https://covid.gov.pk/
207,212,2021-12-02T04:06:31,"22,072,293","1,285,631","1,242,718","28,745",904,"44,137",377,364,8,8,https://covid.gov.pk/
208,213,2021-12-03T04:07:04,"22,118,750","1,286,022","1,245,155","28,753",895,"46,457",391,"2,437",8,0,https://covid.gov.pk/
209,214,2021-12-04T04:07:19,"22,165,834","1,286,453","1,245,344","28,761",858,"47,084",431,189,8,0,https://covid.gov.pk/
210,215,2021-12-05T04:07:20,"22,211,141","1,286,825","1,245,606","28,767",854,"45,307",372,262,6,0,https://covid.gov.pk/
211,216,2021-12-06T04:07:20,"22,252,342","1,287,161","1,246,464","28,777",862,"42,944",336,858,10,8,https://covid.gov.pk/
212,217,2021-12-07T04:07:21,"22,295,147","1,287,393","1,246,783","28,784",813,"41,062",232,319,7,0,https://covid.gov.pk/
213,218,2021-12-08T04:07:33,"22,338,650","1,287,703","1,247,066","28,793",783,"43,503",310,283,9,0,https://covid.gov.pk/
214,219,2021-12-10T04:07:16,"22,428,325","1,288,366","1,250,069","28,812",758,"42,978",313,648,9,0,https://covid.gov.pk/
215,220,2021-12-11T04:07:44,"22,479,184","1,288,761","1,250,427","28,823",759,"50,859",395,358,11,1,https://covid.gov.pk/
216,221,2021-12-12T04:06:54,"22,525,190","1,289,049","1,251,101","28,830",740,"46,006",288,674,7,0,https://covid.gov.pk/
217,222,2021-12-13T04:08:16,"22,564,577","1,289,293","1,251,409","28,836",731,"39,387",244,308,6,0,https://covid.gov.pk/
218,223,2021-12-14T04:07:25,"22,601,431","1,289,543","1,251,584","28,839",734,"36,944",250,175,3,3,https://covid.gov.pk/
219,224,2021-12-15T04:06:30,"22,646,130","1,289,913","1,251,778","28,843",706,"44,609",370,194,4,0,https://covid.gov.pk/
220,225,2021-12-16T04:06:20,"22,689,025","1,290,214","1,251,914","28,849",704,"42,895",301,136,6,0,https://covid.gov.pk/
221,226,2021-12-17T04:07:11,"22,730,952","1,290,491","1,252,157","28,863",718,"41,927",277,243,14,14,https://covid.gov.pk/
222,227,2021-12-18T04:06:44,"22,778,855","1,290,848","1,252,396","28,870",666,"47,903",357,239,7,0,https://covid.gov.pk/
223,228,2021-12-19T04:06:58,"22,821,495","1,291,108","1,252,647","28,872",656,"42,640",260,251,2,0,https://covid.gov.pk/
224,229,2021-12-20T04:08:57,"22,864,737","1,291,467","1,253,001","28,878",666,"43,242",360,354,6,10,https://covid.gov.pk/
225,230,2021-12-21T04:07:21,"22,907,243","1,291,737","1,253,298","28,882",743,"42,506",270,297,4,0,https://covid.gov.pk/
226,231,2021-12-22T04:07:18,"22,954,234","1,292,047","1,253,594","28,892",645,"46,991",310,296,10,2,https://covid.gov.pk/
227,232,2021-12-23T04:07:27,"23,000,798","1,292,406","1,254,104","28,894",666,"46,564",359,510,2,21,https://covid.gov.pk/
228,233,2021-12-24T04:07:17,"23,048,609","1,292,728","1,254,301","28,898",652,"47,811",322,197,4,0,https://covid.gov.pk/
229,234,2021-12-25T04:07:28,"23,096,757","1,293,081","1,254,413","28,905",624,"48,148",353,112,7,0,https://covid.gov.pk/
230,235,2021-12-26T04:07:37,"23,148,807","1,293,440","1,254,859","28,907",631,"52,050",358,446,2,7,https://covid.gov.pk/
231,236,2021-12-27T04:07:20,"23,189,338","1,293,715","1,254,975","28,909",625,"44,129",301,116,2,0,https://covid.gov.pk/
232,237,2021-12-28T04:07:27,"23,234,148","1,294,031","1,255,204","28,912",636,"41,869",291,229,3,11,https://covid.gov.pk/
233,238,2021-12-29T04:07:14,"23,273,887","1,294,379","1,255,396","28,918",636,"39,739",348,192,6,12,https://covid.gov.pk/
234,239,2021-12-30T04:07:54,"23,324,549","1,294,861","1,255,931","28,921",639,"50,662",482,535,3,0,https://covid.gov.pk/
235,240,2021-12-31T04:07:11,"23,372,405","1,295,376","1,256,337","28,927",633,"47,856",515,406,6,0,https://covid.gov.pk/
236,241,2022-01-01T04:07:28,"23,423,546","1,295,933","1,256,816","28,933",629,"51,141",556,479,6,0,https://covid.gov.pk/
237,242,2022-01-02T04:07:28,"23,469,131","1,296,527","1,257,024","28,941",637,"45,585",594,207,8,8,https://covid.gov.pk/
238,243,2022-01-03T04:07:41,"23,514,774","1,297,235","1,257,168","28,943",632,"45,643",708,144,2,0,https://covid.gov.pk/
239,244,2022-01-04T04:07:35,"23,558,972","1,297,865","1,257,355","28,945",641,"44,198",630,187,2,9,https://covid.gov.pk/
240,245,2022-01-05T04:07:26,"23,608,645","1,298,763","1,257,600","28,950",652,"49,673",898,245,5,11,https://covid.gov.pk/
241,246,2022-01-06T04:07:31,"23,655,230","1,299,848","1,257,847","28,955",636,"46,585","1,085",247,5,0,https://covid.gov.pk/
242,247,2022-01-07T04:07:21,"23,706,375","1,301,141","1,258,086","28,961",609,"51,145","1,293",239,6,0,https://covid.gov.pk/
243,248,2022-01-08T04:07:37,"23,752,912","1,302,486","1,258,332","28,962",629,"46,537","1,345",246,1,20,https://covid.gov.pk/
244,249,2022-01-09T04:07:36,"23,802,570","1,304,058","1,258,657","28,969",604,"49,658","1,572",325,7,0,https://covid.gov.pk/
245,250,2022-01-10T04:07:17,"23,847,572","1,305,707","1,258,987","28,972",617,"45,002","1,649",330,3,13,https://covid.gov.pk/
246,251,2022-01-11T04:07:44,"23,891,112","1,307,174","1,259,253","28,974",615,"43,540","1,467",266,2,0,https://covid.gov.pk/
247,252,2022-01-12T04:08:32,"23,935,232","1,309,248","1,259,699","28,987",628,"44,120","2,074",446,13,13,https://covid.gov.pk/
248,253,2022-01-13T04:08:22,"23,984,502","1,312,267","1,260,045","28,992",651,"49,270","3,019",346,5,36,https://covid.gov.pk/
249,254,2022-01-14T04:07:19,"24,032,951","1,315,834","1,260,407","28,999",675,"48,449","3,567",362,7,24,https://covid.gov.pk/
250,255,2022-01-15T04:07:25,"24,085,473","1,320,120","1,263,005","29,003",709,"52,522","4,286","2,598",4,34,https://covid.gov.pk/
251,256,2022-01-16T04:07:30,"24,136,709","1,324,147","1,263,584","29,012",752,"51,236","4,027",579,9,43,https://covid.gov.pk/
252,257,2022-01-17T04:07:46,"24,186,508","1,328,487","1,263,486","29,019",781,"49,809","4,340",302,7,29,https://covid.gov.pk/
253,258,2022-01-18T04:07:47,"24,239,761","1,333,521","1,264,611","29,029",827,"53,253","5,034","1,125",10,46,https://covid.gov.pk/
254,259,2022-01-19T04:07:07,"24,297,430","1,338,993","1,265,239","29,037",908,"57,669","5,472",628,8,81,https://covid.gov.pk/
255,260,2022-01-20T04:06:13,"24,356,373","1,345,801","1,265,665","29,042",918,"58,943","6,808",426,5,10,https://covid.gov.pk/
256,261,2022-01-21T04:07:03,"24,415,716","1,353,479","1,266,479","29,065",961,"59,343","7,678",814,23,43,https://covid.gov.pk/
257,262,2022-01-22T04:07:46,"24,474,618","1,360,019","1,267,598","29,077","1,055","58,902","6,540","1,119",12,94,https://covid.gov.pk/
258,263,2022-01-23T04:07:02,"24,532,952","1,367,605","1,268,245","29,097","1,083","58,334","7,586",647,20,28,https://covid.gov.pk/
259,264,2022-01-24T04:08:41,"24,590,353","1,374,800","1,269,078","29,105","1,113","57,401","7,195",833,8,30,https://covid.gov.pk/
260,265,2022-01-25T04:07:07,"24,639,942","1,381,152","1,269,634","29,122","1,200","49,595","6,357",556,17,87,https://covid.gov.pk/
261,266,2022-01-26T04:06:53,"24,691,005","1,386,348","1,271,087","29,137","1,293","51,063","5,196","1,453",15,93,https://covid.gov.pk/
262,267,2022-01-27T04:06:43,"24,754,277","1,393,887","1,272,871","29,162","1,240","63,272","7,539","1,784",25,0,https://covid.gov.pk/
263,268,2022-01-28T04:07:20,"24,822,901","1,402,070","1,274,657","29,192","1,353","68,624","8,183","1,786",30,113,https://covid.gov.pk/
264,269,2022-01-29T04:07:38,"24,893,290","1,410,033","1,276,719","29,219","1,375","70,389","7,963","2,062",27,22,https://covid.gov.pk/
265,270,2022-01-30T04:06:59,"24,957,306","1,417,991","1,288,738","29,248","1,455","64,016","7,978","12,019",29,80,https://covid.gov.pk/
266,271,2022-01-31T04:09:02,"25,018,383","1,425,039","1,291,725","29,269","1,423","61,077","7,048","2,987",21,0,https://covid.gov.pk/
267,272,2022-02-01T05:04:07,"25,073,585","1,430,366","1,295,390","29,301","1,500","55,202","5,327","3,665",32,77,https://covid.gov.pk/
268,273,2022-02-02T04:07:23,"25,134,775","1,436,413","1,304,980","29,330","1,559","61,190","6,047","9,590",29,59,https://covid.gov.pk/
269,274,2022-02-03T04:07:20,"25,194,561","1,442,263","1,312,819","29,372","1,590","59,786","5,830","7,839",42,31,https://covid.gov.pk/
270,275,2022-02-04T04:06:40,"25,258,723","1,448,663","1,317,385","29,420","1,618","64,121","6,377","4,566",48,28,https://covid.gov.pk/
271,276,2022-02-05T04:08:01,"25,322,136","1,454,800","1,333,732","29,448","1,649","63,413","6,137","16,347",28,31,https://covid.gov.pk/
272,277,2022-02-06T04:07:06,"25,378,187","1,459,773","1,339,498","29,478","1,681","56,051","4,874","5,766",30,32,https://covid.gov.pk/
273,278,2022-02-07T04:08:10,"25,422,966","1,463,111","1,344,403","29,516","1,684","44,779","3,338","4,905",38,3,https://covid.gov.pk/
274,279,2022-02-08T04:06:56,"25,475,293","1,465,910","1,349,189","29,553","1,668","52,327","2,799","4,786",37,0,https://covid.gov.pk/
275,280,2022-02-09T04:07:05,"25,527,042","1,470,161","1,354,298","29,601","1,731","51,749","4,253","5,109",50,63,https://covid.gov.pk/
276,281,2022-02-10T04:05:53,"25,581,680","1,474,075","1,359,757","29,648","1,716","54,638","3,914","5,459",47,0,https://covid.gov.pk/
277,282,2022-02-11T04:07:22,"25,639,757","1,477,573","1,365,518","29,687","1,663","58,077","3,498","5,761",39,0,https://covid.gov.pk/
278,283,2022-02-12T04:07:33,"25,696,017","1,480,592","1,370,693","29,731","1,640","56,260","3,019","5,175",44,0,https://covid.gov.pk/
279,284,2022-02-13T04:05:34,"25,751,321","1,483,798","1,375,628","29,772","1,623","55,304","3,206","4,935",41,0,https://covid.gov.pk/
280,285,2022-02-14T04:07:01,"25,799,168","1,486,361","1,379,921","29,801","1,566","47,307","2,662","4,293",29,0,https://covid.gov.pk/
281,286,2022-02-15T04:05:53,"25,847,205","1,488,958","1,383,725","29,828","1,588","48,037","2,597","3,804",27,22,https://covid.gov.pk/
282,287,2022-02-16T04:06:47,"25,896,758","1,491,423","1,388,517","29,877","1,534","49,553","2,465","4,792",49,0,https://covid.gov.pk/
283,288,2022-02-17T04:07:20,"25,948,435","1,494,293","1,393,209","29,917","1,495","51,677","2,870","4,692",40,0,https://covid.gov.pk/
284,289,2022-02-18T04:08:07,"25,997,179","1,496,693","1,396,218","29,950","1,496","48,744","2,400","3,009",33,1,https://covid.gov.pk/
285,290,2022-02-19T04:07:33,"26,044,959","1,498,676","1,399,000","29,976","1,439","47,780","1,983","2,782",26,0,https://covid.gov.pk/
286,291,2022-02-20T04:07:47,"26,094,825","1,500,320","1,402,653","30,009","1,386","49,866","1,644","3,653",33,0,https://covid.gov.pk/
287,292,2022-02-21T04:08:33,"26,136,422","1,501,680","1,403,968","30,040","1,302","41,597","1,360","1,315",31,0,https://covid.gov.pk/
288,293,2022-02-22T04:07:50,"26,174,561","1,502,641","1,406,361","30,053","1,261","38,139",961,"2,393",13,0,https://covid.gov.pk/
289,294,2022-02-23T04:07:38,"26,216,305","1,503,873","1,409,515","30,096","1,230","41,744","1,232","3,154",43,0,https://covid.gov.pk/
290,295,2022-02-24T04:07:38,"26,258,701","1,505,328","1,412,429","30,114","1,220","42,396","1,455","2,914",18,0,https://covid.gov.pk/
291,296,2022-02-25T04:08:20,"26,299,843","1,506,450","1,414,979","30,139","1,186","41,142","1,122","2,550",25,0,https://covid.gov.pk/
292,297,2022-02-26T04:08:51,"26,353,468","1,507,657","1,440,292","30,153","1,117","53,625","1,207","25,313",14,0,https://covid.gov.pk/
293,298,2022-02-27T04:07:44,"26,393,595","1,508,504","1,441,528","30,173","1,113","40,127",847,"1,236",20,0,https://covid.gov.pk/
294,299,2022-02-28T04:07:59,"26,426,952","1,509,360","1,443,284","30,178","1,052","33,357",856,"1,756",5,0,https://covid.gov.pk/
295,300,2022-03-01T04:07:54,"26,464,518","1,510,221","1,442,938","30,196",988,"37,566",861,489,18,0,https://covid.gov.pk/
296,301,2022-03-02T04:08:03,"26,498,814","1,510,986","1,445,245","30,218",981,"34,296",765,"2,307",22,0,https://covid.gov.pk/
297,302,2022-03-03T04:08:01,"26,534,095","1,511,754","1,449,060","30,237",908,"35,281",768,"3,815",19,0,https://covid.gov.pk/
298,303,2022-03-04T04:07:55,"26,570,773","1,512,707","1,451,665","30,248",890,"36,678",953,"2,605",11,0,https://covid.gov.pk/
299,304,2022-03-05T04:07:39,"26,608,558","1,513,503","1,453,496","30,258",842,"37,785",796,"1,831",10,0,https://covid.gov.pk/
300,305,2022-03-06T04:07:46,"26,646,219","1,514,258","1,454,382","30,265",821,"37,661",755,886,7,0,https://covid.gov.pk/
301,306,2022-03-07T04:08:09,"26,683,737","1,515,014","1,455,162","30,272",826,"37,518",756,780,7,5,https://covid.gov.pk/
302,307,2022-03-08T04:09:41,"26,712,953","1,515,392","1,455,765","30,281",778,"29,216",378,603,9,0,https://covid.gov.pk/
303,308,2022-03-09T04:08:01,"26,749,522","1,516,150","1,467,868","30,287",722,"36,569",758,"12,103",6,0,https://covid.gov.pk/
304,309,2022-03-10T04:08:45,"26,785,763","1,516,789","1,468,449","30,291",707,"36,241",639,581,4,0,https://covid.gov.pk/
305,310,2022-03-11T04:08:29,"26,825,303","1,517,512","1,469,405","30,298",677,"39,540",723,956,7,0,https://covid.gov.pk/
306,311,2022-03-12T04:08:22,"26,862,188","1,518,083","1,469,930","30,304",641,"36,885",571,525,6,0,https://covid.gov.pk/
307,312,2022-03-13T04:08:56,"26,897,815","1,518,692","1,470,424","30,307",600,"35,627",609,494,3,0,https://covid.gov.pk/
308,313,2022-03-14T04:09:48,"26,929,016","1,519,154","1,470,822","30,309",577,"31,201",462,398,2,0,https://covid.gov.pk/
309,314,2022-03-15T04:08:53,"26,963,417","1,519,627","1,471,288","30,313",560,"34,401",473,466,4,0,https://covid.gov.pk/
310,315,2022-03-16T04:07:44,"26,998,115","1,520,120","1,472,291","30,317",567,"34,698",493,"1,003",4,7,https://covid.gov.pk/
311,316,2022-03-17T04:08:52,"27,036,710","1,520,634","1,472,828","30,319",546,"38,595",514,537,2,0,https://covid.gov.pk/
312,317,2022-03-18T04:08:41,"27,065,254","1,520,817","1,473,616","30,326",525,"28,544",183,788,7,0,https://covid.gov.pk/
313,318,2022-03-19T04:08:04,"27,112,283","1,521,513","1,475,473","30,328",503,"39,067",483,"1,857",2,0,https://covid.gov.pk/
314,319,2022-03-20T04:08:49,"27,145,508","1,521,888","1,475,759","30,329",506,"33,225",375,286,1,3,https://covid.gov.pk/
315,320,2022-03-21T04:08:30,"27,175,808","1,522,191","1,476,120","30,331",493,"30,300",303,361,2,0,https://covid.gov.pk/
316,321,2022-03-22T04:07:59,"27,203,549","1,522,419","1,476,796","30,333",470,"27,741",228,676,2,0,https://covid.gov.pk/
317,322,2022-03-23T04:07:54,"27,238,025","1,522,862","1,484,496","30,333",455,"34,476",443,"7,700",0,0,https://covid.gov.pk/
318,323,2022-03-24T04:08:38,"27,268,079","1,523,072","1,484,676","30,333",445,"30,054",210,180,0,0,https://covid.gov.pk/
319,324,2022-03-25T04:08:45,"27,297,869","1,523,401","1,484,718","30,336",446,"29,790",329,42,3,1,https://covid.gov.pk/
320,325,2022-03-26T04:07:48,"27,328,286","1,523,590","1,485,085","30,340",451,"30,417",189,367,4,5,https://covid.gov.pk/
321,326,2022-03-27T04:08:51,"27,360,248","1,523,900","1,485,316","30,345",428,"31,962",310,231,5,0,https://covid.gov.pk/
322,327,2022-03-28T04:08:19,"27,388,407","1,524,086","1,485,426","30,346",420,"28,159",186,110,1,0,https://covid.gov.pk/
323,328,2022-03-29T04:08:05,"27,415,453","1,524,355","1,485,473","30,347",432,"27,046",269,47,1,12,https://covid.gov.pk/
324,329,2022-03-30T04:07:56,"27,442,945","1,524,549","1,485,609","30,349",432,"27,492",194,136,2,0,https://covid.gov.pk/
325,330,2022-03-31T04:08:19,"27,472,570","1,524,793","1,485,735","30,355",439,"29,625",244,126,6,7,https://covid.gov.pk/
326,331,2022-04-01T04:12:32,"27,501,885","1,524,973","1,485,924","30,359",403,"29,315",180,189,4,0,https://covid.gov.pk/
327,332,2022-04-02T04:08:00,"27,531,061","1,525,181","1,485,996","30,360",374,"29,176",208,72,1,0,https://covid.gov.pk/
328,333,2022-04-03T04:08:35,"27,561,228","1,525,466","1,486,113","30,361",365,"30,167",285,117,1,0,https://covid.gov.pk/
329,334,2022-04-04T04:08:07,"27,584,493","1,525,620","1,486,191","30,361",320,"23,265",154,78,0,0,https://covid.gov.pk/
330,335,2022-04-05T04:08:05,"27,607,487","1,525,775","1,486,252","30,361",321,"22,994",155,61,0,1,https://covid.gov.pk/
331,336,2022-04-06T04:08:25,"27,633,900","1,525,923","1,486,464","30,361",310,"26,413",148,212,0,0,https://covid.gov.pk/
332,337,2022-04-07T04:08:09,"27,662,867","1,526,093","1,486,534","30,361",291,"28,967",170,70,0,0,https://covid.gov.pk/
333,338,2022-04-08T04:07:58,"27,689,870","1,526,234","1,486,650","30,361",280,"27,003",141,116,0,0,https://covid.gov.pk/
334,339,2022-04-09T04:08:16,"27,715,253","1,526,472","1,486,729","30,361",272,"25,383",238,79,0,0,https://covid.gov.pk/
335,340,2022-04-10T04:08:14,"27,740,595","1,526,568","1,486,820","30,361",273,"25,342",96,91,0,1,https://covid.gov.pk/
336,341,2022-04-11T04:09:30,"27,763,120","1,526,666","1,486,879","30,361",269,"22,525",98,59,0,0,https://covid.gov.pk/
337,342,2022-04-12T04:08:07,"27,784,557","1,526,728","1,486,960","30,362",269,"21,437",62,81,1,0,https://covid.gov.pk/
338,343,2022-04-13T04:09:20,"27,805,841","1,526,829","1,487,073","30,362",262,"21,284",101,113,0,0,https://covid.gov.pk/
339,344,2022-04-14T04:08:12,"27,830,633","1,526,952","1,487,144","30,362",259,"24,792",123,71,0,0,https://covid.gov.pk/
340,345,2022-04-15T04:26:23,"27,830,633","1,526,952","1,487,144","30,362",259,"24,792",123,71,0,0,https://covid.gov.pk/
341,346,2022-04-16T04:08:33,"27,880,235","1,527,151","1,490,947","30,363",211,"25,363",76,"3,803",0,0,https://covid.gov.pk/
342,347,2022-04-17T04:08:11,"27,903,660","1,527,248","1,493,606","30,363",213,"23,425",97,"2,659",0,2,https://covid.gov.pk/
343,348,2022-04-18T04:12:52,"27,926,021","1,527,326","1,493,662","30,364",209,"22,361",78,56,1,0,https://covid.gov.pk/
344,349,2022-04-19T04:21:29,"27,944,584","1,527,411","1,493,707","30,364",209,"18,563",85,45,0,0,https://covid.gov.pk/
345,350,2022-04-20T04:34:29,"27,965,862","1,527,486","1,493,796","30,368",215,"21,278",75,89,4,6,https://covid.gov.pk/
346,351,2022-04-21T04:32:59,"27,987,766","1,527,589","1,493,870","30,368",205,"21,904",103,74,0,0,https://covid.gov.pk/
347,352,2022-04-22T04:34:37,"28,008,999","1,527,669","1,493,933","30,368",196,"21,233",80,63,0,0,https://covid.gov.pk/
348,353,2022-04-23T04:07:43,"28,028,845","1,527,751","1,493,998","30,369",185,"19,846",82,65,1,0,https://covid.gov.pk/
349,354,2022-04-24T04:08:08,"28,028,845","1,527,751","1,493,998","30,369",185,"19,846",82,65,1,0,https://covid.gov.pk/
350,355,2022-04-25T04:13:34,"18,645","1,527,956","1,494,141","30,369",187,"28,066,952",100,91,0,1,https://covid.gov.pk/
351,356,2022-04-26T04:18:29,"18,645","1,527,956","1,494,141","30,369",187,"28,066,952",100,91,0,1,https://covid.gov.pk/
352,357,2022-04-27T04:32:24,"18,645","1,527,956","1,494,141","30,369",187,"28,066,952",100,91,0,1,https://covid.gov.pk/
353,358,2022-04-28T04:58:20,"18,645","1,527,956","1,494,141","30,369",187,"28,066,952",100,91,0,1,https://covid.gov.pk/
354,359,2022-04-29T04:20:03,"18,645","1,527,956","1,494,141","30,369",187,"28,066,952",100,91,0,1,https://covid.gov.pk/
355,360,2022-04-30T04:12:26,"18,645","1,527,956","1,494,141","30,369",187,"28,066,952",100,91,0,1,https://covid.gov.pk/
356,361,2022-05-01T04:25:55,"18,645","1,527,956","1,494,141","30,369",187,"28,066,952",100,91,0,1,https://covid.gov.pk/
357,362,2022-05-07T04:07:59,"18,645","1,527,956","1,494,141","30,369",187,"28,066,952",100,91,0,1,https://covid.gov.pk/
358,363,2022-05-08T04:11:44,"18,645","1,527,956","1,494,141","30,369",187,"28,066,952",100,91,0,1,https://covid.gov.pk/
359,364,2022-05-10T04:09:10,"28,254,476","1,528,802","1,495,191","30,375",92,"13,190",64,65,0,1,https://covid.gov.pk/
360,365,2022-05-11T04:24:52,"28,265,345","1,528,833","1,495,220","30,375",103,"10,869",31,29,0,11,https://covid.gov.pk/
361,366,2022-05-12T04:15:06,"28,265,345","1,528,833","1,495,220","30,375",103,"10,869",31,29,0,11,https://covid.gov.pk/
362,367,2022-05-13T04:41:58,"28,265,345","1,528,833","1,495,220","30,375",103,"10,869",31,29,0,11,https://covid.gov.pk/
363,368,2022-05-14T05:08:12,"28,334,863","1,529,167","1,495,474","30,376",119,"16,291",85,254,0,16,https://covid.gov.pk/
364,369,2022-05-15T05:11:40,"28,334,863","1,529,167","1,495,474","30,376",119,"16,291",85,254,0,16,https://covid.gov.pk/
365,370,2022-05-16T04:10:58,"28,352,196","1,529,251","1,495,671","30,376",109,"17,333",84,197,0,0,https://covid.gov.pk/
366,371,2022-05-17T04:22:14,"28,352,196","1,529,251","1,495,671","30,376",109,"17,333",84,197,0,0,https://covid.gov.pk/
367,372,2022-05-18T04:19:17,"28,397,669","1,529,471","1,495,885","30,378",90,"16,306",66,95,0,0,https://covid.gov.pk/
368,373,2022-05-19T05:14:27,"28,415,012","1,529,560","1,495,830","30,379",86,"17,343",89,0,0,0,https://covid.gov.pk/
369,374,2022-05-20T04:16:31,"28,428,873","1,529,641","1,495,933","30,379",75,"13,861",81,103,0,0,https://covid.gov.pk/
370,375,2022-05-21T04:08:52,"28,447,646","1,529,711","1,495,992","30,379",71,"18,773",70,59,0,0,https://covid.gov.pk/
371,376,2022-05-22T10:07:52,"28,442,739","1,529,727","1,496,054","30,379",79,"14,308",76,62,0,8,https://covid.gov.pk/
372,377,2022-05-23T04:22:40,"28,475,032","1,529,837","1,496,123","30,379",87,"13,078",49,69,0,8,https://covid.gov.pk/
373,378,2022-05-24T05:14:51,"28,475,032","1,529,837","1,496,123","30,379",87,"13,078",49,69,0,8,https://covid.gov.pk/
374,379,2022-05-25T04:19:32,"28,504,916","1,529,990","1,496,223","30,379",86,"16,800",92,52,0,8,https://covid.gov.pk/
375,380,2022-05-26T04:20:53,"28,522,127","1,530,066","1,496,321","30,379",75,"17,211",76,98,0,0,https://covid.gov.pk/
376,381,2022-05-27T04:21:24,"28,536,806","1,530,145","1,496,375","30,379",70,"14,679",79,54,0,0,https://covid.gov.pk/
377,382,2022-05-28T04:10:22,"28,553,219","1,530,235","1,496,416","30,379",77,"16,413",90,41,0,7,https://covid.gov.pk/
378,383,2022-05-29T04:21:03,"28,568,475","1,530,285","1,496,482","30,379",76,"15,256",50,66,0,0,https://covid.gov.pk/
379,384,2022-05-30T04:27:27,"28,581,341","1,530,333","1,496,575","30,379",75,"12,866",48,93,0,0,https://covid.gov.pk/
380,385,2022-05-31T10:13:09,"28,593,573","1,530,387","1,496,622","30,379",83,"12,232",54,47,0,8,https://covid.gov.pk/
381,386,2022-06-01T05:02:57,"28,607,631","1,530,453","1,496,690","30,379",71,"14,058",66,68,0,0,https://covid.gov.pk/
382,387,2022-06-02T10:08:47,"28,623,073","1,530,520","1,496,741","30,379",72,"15,442",67,51,0,1,https://covid.gov.pk/
383,388,2022-06-03T04:08:48,"28,623,073","1,530,520","1,496,741","30,379",72,"15,442",67,51,0,1,https://covid.gov.pk/
384,389,2022-06-04T04:07:36,"28,630,347","1,530,556","1,497,369","30,379",76,"14,635",36,628,0,4,https://covid.gov.pk/
385,390,2022-06-07T10:07:25,"28,689,448","1,530,814","1,497,708","30,379",57,"11,313",50,36,0,0,https://covid.gov.pk/
386,391,2022-06-08T04:20:06,"28,689,448","1,530,814","1,497,708","30,379",57,"11,313",50,36,0,0,https://covid.gov.pk/
387,392,2022-06-09T04:18:33,"28,718,119","1,530,967","1,497,799","30,379",44,"15,178",89,55,0,0,https://covid.gov.pk/
388,393,2022-06-11T10:06:02,"28,746,883","1,531,112","1,497,904","30,381",51,"13,635",73,53,0,1,https://covid.gov.pk/
389,394,2022-06-12T05:05:30,"28,760,431","1,531,179","1,497,960","30,381",47,"13,548",67,56,0,0,https://covid.gov.pk/
390,395,2022-06-13T04:28:16,"28,772,365","1,531,273","1,498,043","30,381",50,"11,934",94,83,0,3,https://covid.gov.pk/
391,396,2022-06-14T04:40:21,"28,775,392","1,531,242","1,498,017","30,381",48,"9,371",54,83,0,0,https://covid.gov.pk/
392,397,2022-06-15T04:23:40,"28,775,392","1,531,242","1,498,017","30,381",48,"9,371",54,83,0,0,https://covid.gov.pk/
393,398,2022-06-16T05:11:17,"28,807,107","1,531,581","1,498,217","30,382",61,"11,828",144,68,1,3,https://covid.gov.pk/
394,399,2022-06-17T04:20:49,"28,818,568","1,531,679","1,498,279","30,383",54,"11,461",98,62,1,0,https://covid.gov.pk/
395,400,2022-06-18T05:05:10,"28,831,474","1,531,830","1,498,299","30,383",58,"12,906",151,20,0,4,https://covid.gov.pk/
396,401,2022-06-19T05:09:45,"28,831,474","1,531,830","1,498,299","30,383",58,"12,906",151,20,0,4,https://covid.gov.pk/
397,402,2022-06-20T05:07:25,"28,852,270","1,532,153","1,498,401","30,383",57,"11,212",171,0,0,2,https://covid.gov.pk/
398,403,2022-06-21T05:13:53,"28,861,676","1,532,266","1,498,486","30,384",58,"9,406",113,85,1,1,https://covid.gov.pk/
399,404,2022-06-22T04:25:17,"28,877,055","1,532,470","1,498,594","30,384",66,"13,300",204,108,0,8,https://covid.gov.pk/
400,405,2022-06-23T05:14:21,"28,889,568","1,532,738","1,498,698","30,385",75,"12,513",268,104,1,9,https://covid.gov.pk/
401,406,2022-06-24T05:14:41,"28,903,509","1,533,047","1,498,865","30,385",79,"13,941",309,167,0,4,https://covid.gov.pk/
402,407,2022-06-25T05:06:58,"28,917,153","1,533,482","1,498,981","30,386",87,"13,644",435,116,1,8,https://covid.gov.pk/
403,408,2022-06-27T04:40:35,"28,945,002","1,534,270","1,499,248","30,390",87,"13,412",382,267,2,0,https://covid.gov.pk/
404,409,2022-06-28T04:31:15,"28,958,761","1,534,603","1,499,353","30,392",85,"13,759",333,105,2,0,https://covid.gov.pk/
405,410,2022-06-29T05:19:25,"28,974,223","1,535,144","1,499,482","30,393",100,"15,462",541,129,1,15,https://covid.gov.pk/
406,411,2022-06-30T05:17:08,"28,993,036","1,535,785","1,499,641","30,395",119,"18,813",641,159,2,19,https://covid.gov.pk/
407,412,2022-07-01T10:08:15,"29,010,676","1,536,479","1,499,762","30,395",101,"17,640",694,121,0,0,https://covid.gov.pk/
408,413,2022-07-02T04:25:57,"29,010,676","1,536,479","1,499,762","30,395",101,"17,640",694,121,0,0,https://covid.gov.pk/
409,414,2022-07-03T09:32:29,"29,045,736","1,537,947","1,500,046","30,401",138,"16,755",650,106,2,12,https://covid.gov.pk/
410,415,2022-07-04T04:37:25,"29,060,368","1,538,622","1,500,416","30,403",153,"14,632",675,370,2,15,https://covid.gov.pk/
411,416,2022-07-05T04:26:49,"29,079,318","1,539,275","1,500,529","30,403",162,"18,950",653,113,0,9,https://covid.gov.pk/
412,417,2022-07-06T04:38:06,"29,079,318","1,539,275","1,500,529","30,403",162,"18,950",653,113,0,9,https://covid.gov.pk/
413,418,2022-07-07T10:17:21,"29,119,593","1,540,952","1,501,507","30,413",165,"23,125",872,978,9,3,https://covid.gov.pk/
414,419,2022-07-08T04:28:58,"29,140,730","1,541,645","1,501,886","30,413",165,"21,137",693,379,0,0,https://covid.gov.pk/
415,420,2022-07-09T10:07:58,"29,163,298","1,542,377","1,502,260","30,420",158,"22,568",732,374,7,0,https://covid.gov.pk/
416,421,2022-07-10T10:07:45,"29,163,298","1,542,377","1,502,260","30,420",158,"22,568",732,374,7,0,https://covid.gov.pk/
417,422,2022-07-11T05:17:22,"29,196,721","1,543,250","1,502,700","30,423",140,"15,038",371,440,2,0,https://covid.gov.pk/
418,423,2022-07-12T10:07:54,"29,201,395","1,543,505","1,502,797","30,424",141,"4,674",255,97,1,1,https://covid.gov.pk/
419,424,2022-07-13T04:25:23,"29,216,586","1,543,741","1,503,023","30,424",152,"15,191",236,226,0,11,https://covid.gov.pk/
420,425,2022-07-14T10:08:52,"29,233,983","1,544,131","1,503,503","30,426",175,"17,397",390,480,2,23,https://covid.gov.pk/
421,426,2022-07-15T10:07:39,"29,256,082","1,544,910","1,504,817","30,428",182,"22,099",779,"1,314",2,7,https://covid.gov.pk/
422,427,2022-07-16T04:18:16,"29,256,082","1,544,910","1,504,817","30,428",182,"22,099",779,"1,314",2,7,https://covid.gov.pk/
423,428,2022-07-17T04:23:53,"29,299,766","1,546,252","1,505,635","30,440",173,"21,233",605,429,2,0,https://covid.gov.pk/
424,429,2022-07-18T05:22:50,"29,320,127","1,546,744","1,506,592","30,445",169,"20,361",492,957,5,0,https://covid.gov.pk/
425,430,2022-07-19T04:58:23,"29,336,546","1,547,203","1,507,138","30,445",163,"16,419",459,546,0,0,https://covid.gov.pk/
426,431,2022-07-20T04:29:11,"29,357,810","1,547,795","1,507,670","30,452",174,"21,264",592,532,7,11,https://covid.gov.pk/
427,432,2022-07-21T04:32:10,"29,379,125","1,548,394","1,507,935","30,455",170,"21,315",599,265,3,0,https://covid.gov.pk/
428,433,2022-07-22T05:19:09,"29,379,125","1,548,394","1,507,935","30,455",170,"21,315",599,265,3,0,https://covid.gov.pk/
429,434,2022-07-23T10:07:28,"29,425,583","1,549,766","1,512,231","30,464",180,"23,423",693,338,2,14,https://covid.gov.pk/
430,435,2022-07-24T05:12:02,"29,444,985","1,550,298","1,512,559","30,467",179,"19,402",532,328,3,0,https://covid.gov.pk/
431,436,2022-07-25T10:08:20,"29,464,374","1,550,880","1,512,841","30,469",178,"19,389",582,282,2,0,https://covid.gov.pk/
432,437,2022-07-26T04:59:19,"29,464,374","1,550,880","1,512,841","30,469",178,"19,389",582,282,2,0,https://covid.gov.pk/
433,438,2022-07-27T04:41:29,"29,494,517","1,551,871","1,513,737","30,474",191,"16,704",620,588,4,7,https://covid.gov.pk/
434,439,2022-07-28T04:31:49,"29,494,517","1,551,871","1,513,737","30,474",191,"16,704",620,588,4,7,https://covid.gov.pk/
435,440,2022-07-29T04:38:34,"29,536,038","1,553,325","1,514,535","30,483",177,"20,678",693,798,1,0,https://covid.gov.pk/
436,441,2022-07-30T04:28:26,"29,536,038","1,553,325","1,514,535","30,483",177,"20,678",693,798,1,0,https://covid.gov.pk/
437,442,2022-07-31T04:24:11,"29,536,038","1,553,325","1,514,535","30,483",177,"20,678",693,798,1,0,https://covid.gov.pk/
438,443,2022-08-02T10:07:44,"29,608,787","1,555,639","1,516,431","30,490",156,"13,822",392,295,2,0,https://covid.gov.pk/
439,444,2022-08-03T04:53:55,"29,629,736","1,556,445","1,517,032","30,499",160,"20,949",806,601,9,4,https://covid.gov.pk/
440,445,2022-08-04T04:32:36,"29,651,477","1,557,134","1,517,492","30,503",160,"21,741",789,460,4,0,https://covid.gov.pk/
441,446,2022-08-05T04:34:31,"29,672,331","1,557,884","1,518,044","30,505",164,"20,854",750,552,2,4,https://covid.gov.pk/
442,447,2022-08-06T04:13:23,"29,693,066","1,558,557","1,518,653","30,505",169,"20,735",673,609,0,5,https://covid.gov.pk/
443,448,2022-08-07T05:06:50,"29,715,192","1,559,201","1,519,058","30,505",170,"22,126",644,405,0,1,https://covid.gov.pk/
444,449,2022-08-08T05:14:22,"29,734,643","1,559,829","1,519,639","30,508",163,"19,451",628,581,3,0,https://covid.gov.pk/
445,450,2022-08-09T10:09:09,"29,751,291","1,560,250","1,520,016","30,508",159,"16,648",421,377,0,0,https://covid.gov.pk/
446,451,2022-08-10T04:09:03,"29,764,616","1,560,602","1,520,524","30,508",153,"13,325",352,508,0,0,https://covid.gov.pk/
447,452,2022-08-11T04:15:18,"29,776,004","1,560,955","1,520,735","30,509",229,"11,388",353,211,1,76,https://covid.gov.pk/
448,453,2022-08-12T04:20:53,"29,792,091","1,561,579","1,521,803","30,520",142,"16,299",624,"1,068",11,0,https://covid.gov.pk/
449,454,2022-08-17T04:58:39,"29,881,996","1,564,231","1,524,375","30,542",156,"19,312",526,411,5,0,https://covid.gov.pk/
450,455,2022-08-18T04:53:30,"29,904,675","1,564,809","1,524,746","30,544",159,"22,679",578,371,2,3,https://covid.gov.pk/
451,456,2022-08-19T10:08:16,"29,922,887","1,565,319","1,525,201","30,548",164,"18,212",510,455,4,5,https://covid.gov.pk/
452,457,2022-08-20T05:10:50,"29,922,887","1,565,319","1,525,201","30,548",164,"18,212",510,455,4,5,https://covid.gov.pk/
453,458,2022-08-21T04:23:17,"29,958,508","1,566,236","1,526,198","30,552",160,"17,749",468,506,2,2,https://covid.gov.pk/
454,459,2022-08-22T05:01:04,"29,975,272","1,566,652","1,526,560","30,555",152,"16,764",416,362,3,0,https://covid.gov.pk/
455,460,2022-08-23T05:12:28,"29,986,557","1,566,869","1,526,929","30,557",116,"11,285",217,369,2,0,https://covid.gov.pk/
456,461,2022-08-24T05:04:58,"30,002,360","1,567,147","1,527,393","30,559",118,"15,803",278,464,2,2,https://covid.gov.pk/
457,462,2022-08-25T05:11:51,"30,002,360","1,567,147","1,527,393","30,559",118,"15,803",278,464,2,2,https://covid.gov.pk/
458,463,2022-08-26T05:18:17,"30,034,774","1,567,893","1,528,145","30,569",122,"16,075",433,332,6,0,https://covid.gov.pk/
459,464,2022-08-27T05:23:26,"30,051,344","1,568,183","1,528,517","30,571",123,"16,570",290,372,2,1,https://covid.gov.pk/
460,465,2022-08-28T04:47:50,"30,068,215","1,568,453","1,528,907","30,574",118,"16,871",270,390,3,0,https://covid.gov.pk/
461,466,2022-08-30T05:23:12,"30,095,965","1,568,849","1,529,477","30,575",111,"12,671",170,570,0,0,https://covid.gov.pk/
462,467,2022-08-31T05:24:52,"30,111,440","1,569,076","1,529,818","30,581",115,"15,475",227,341,6,4,https://covid.gov.pk/
463,468,2022-09-01T05:07:20,"30,111,440","1,569,076","1,529,818","30,581",115,"15,475",227,341,6,4,https://covid.gov.pk/
464,469,2022-09-02T05:18:59,"30,111,440","1,569,076","1,529,818","30,581",115,"15,475",227,341,6,4,https://covid.gov.pk/
465,470,2022-09-03T10:08:35,"30,159,730","1,569,788","1,530,962","30,588",110,"17,207",251,354,2,0,https://covid.gov.pk/
466,471,2022-09-04T10:07:54,"30,178,771","1,570,016","1,531,183","30,591",114,"19,041",228,221,3,4,https://covid.gov.pk/
467,472,2022-09-08T10:08:57,"30,231,879","1,570,636","1,534,163","30,594",103,"14,208",174,554,0,0,https://covid.gov.pk/
468,473,2022-09-09T05:06:34,"30,231,879","1,570,636","1,534,163","30,594",103,"14,208",174,554,0,0,https://covid.gov.pk/
469,474,2022-09-10T05:07:35,"30,247,433","1,570,796","1,534,369","30,598",98,"15,554",160,206,4,0,https://covid.gov.pk/
470,475,2022-09-11T04:58:25,"30,247,433","1,570,796","1,534,369","30,598",98,"15,554",160,206,4,0,https://covid.gov.pk/
471,476,2022-09-12T10:09:33,"30,293,868","1,571,196","1,534,961","30,599",94,"13,533",105,121,0,0,https://covid.gov.pk/
472,477,2022-09-13T05:22:01,"30,303,029","1,571,295","1,535,109","30,600",89,"9,161",99,148,1,0,https://covid.gov.pk/
473,478,2022-09-14T10:09:24,"30,303,029","1,571,295","1,535,109","30,600",89,"9,161",99,148,1,0,https://covid.gov.pk/
474,479,2022-09-15T05:16:10,"30,338,787","1,571,530","1,535,388","30,604",82,"18,785",117,279,1,0,https://covid.gov.pk/
475,480,2022-09-16T10:09:07,"30,353,254","1,571,628","1,535,719","30,604",85,"14,467",98,331,0,3,https://covid.gov.pk/
476,481,2022-09-17T05:33:07,"30,369,868","1,571,732","1,535,895","30,605",91,"16,614",104,176,1,6,https://covid.gov.pk/
477,482,2022-09-18T05:01:23,"30,369,868","1,571,732","1,535,895","30,605",91,"16,614",104,176,1,6,https://covid.gov.pk/
478,483,2022-09-19T05:22:12,"30,397,842","1,571,894","1,536,170","30,607",82,"13,311",72,105,1,0,https://covid.gov.pk/
479,484,2022-09-20T05:18:48,"30,397,842","1,571,894","1,536,170","30,607",82,"13,311",72,105,1,0,https://covid.gov.pk/
480,485,2022-09-21T05:19:58,"30,397,842","1,571,894","1,536,170","30,607",82,"13,311",72,105,1,0,https://covid.gov.pk/
481,486,2022-09-22T05:14:48,"30,397,842","1,571,894","1,536,170","30,607",82,"13,311",72,105,1,0,https://covid.gov.pk/
482,487,2022-09-23T05:17:57,"30,397,842","1,571,894","1,536,170","30,607",82,"13,311",72,105,1,0,https://covid.gov.pk/
483,488,2022-09-24T10:08:17,"30,465,082","1,572,269","1,536,831","30,612",75,"16,791",67,97,1,0,https://covid.gov.pk/
484,489,2022-09-25T10:08:41,"30,465,082","1,572,269","1,536,831","30,612",75,"16,791",67,97,1,0,https://covid.gov.pk/
485,490,2022-09-26T10:09:43,"30,477,451","1,572,316","1,536,924","30,612",73,"12,369",47,93,0,0,https://covid.gov.pk/
486,491,2022-09-27T05:12:01,"30,477,451","1,572,316","1,536,924","30,612",73,"12,369",47,93,0,0,https://covid.gov.pk/
487,492,2022-10-01T10:08:47,"30,531,764","1,572,598","1,537,813","30,616",47,"11,970",43,77,3,0,https://covid.gov.pk/
488,493,2022-10-05T10:59:00,"30,570,862","1,572,778","1,538,689","30,619",46,"6,870",16,12,0,0,https://covid.gov.pk/
489,494,2022-10-06T04:32:33,"30,570,862","1,572,778","1,538,689","30,619",46,"6,870",16,12,0,0,https://covid.gov.pk/
490,495,2022-10-08T10:08:47,"30,570,862","1,572,778","1,538,689","30,619",46,"6,870",16,12,0,0,https://covid.gov.pk/
491,496,2022-10-09T10:09:02,"30,570,862","1,572,778","1,538,689","30,619",46,"6,870",16,12,0,0,https://covid.gov.pk/
492,497,2022-10-11T10:11:07,"30,570,862","1,572,778","1,538,689","30,619",46,"6,870",16,12,0,0,https://covid.gov.pk/
493,498,2022-10-12T10:11:58,"30,570,862","1,572,778","1,538,689","30,619",46,"6,870",16,12,0,0,https://covid.gov.pk/
494,499,2022-10-18T05:22:08,"30,570,862","1,572,778","1,538,689","30,619",46,"6,870",16,12,0,0,https://covid.gov.pk/
495,500,2022-10-19T05:22:51,"30,570,862","1,572,778","1,538,689","30,619",46,"6,870",16,12,0,0,https://covid.gov.pk/
496,501,2022-10-20T04:54:18,"30,570,862","1,572,778","1,538,689","30,619",46,"6,870",16,12,0,0,https://covid.gov.pk/
497,502,2022-10-21T04:56:43,"30,570,862","1,572,778","1,538,689","30,619",46,"6,870",16,12,0,0,https://covid.gov.pk/
498,503,2022-10-24T10:15:32,"30,570,862","1,572,778","1,538,689","30,619",46,"6,870",16,12,0,0,https://covid.gov.pk/
499,504,2022-10-25T05:25:04,"30,570,862","1,572,778","1,538,689","30,619",46,"6,870",16,12,0,0,https://covid.gov.pk/
500,505,2022-10-28T04:36:35,"30,808,795","1,573,922","1,540,369","30,625",48,"12,739",69,"1,680",0,0,https://covid.gov.pk/
501,506,2022-11-01T10:07:52,"30,839,793","1,574,094","1,540,869","30,626",52,"6,845",27,500,0,4,https://covid.gov.pk/
502,507,2022-11-02T10:09:54,"30,849,042","1,574,167","1,540,899","30,627",51,"9,249",73,30,1,0,https://covid.gov.pk/
503,508,2022-11-03T10:09:00,"30,862,125","1,574,235","1,540,938","30,627",57,"13,083",68,39,0,6,https://covid.gov.pk/
504,509,2022-11-04T10:09:27,"30,873,818","1,574,275","1,541,469","30,627",61,"11,693",40,531,0,4,https://covid.gov.pk/
505,510,2022-11-05T10:08:42,"30,882,055","1,574,321","1,541,960","30,627",58,"8,237",46,491,0,0,https://covid.gov.pk/
506,511,2022-11-07T04:32:17,"30,893,923","1,574,407","1,542,563","30,627",49,"4,686",48,253,0,2,https://covid.gov.pk/
507,512,2022-11-08T10:09:17,"30,898,022","1,574,432","1,542,863","30,627",53,"4,099",25,300,0,4,https://covid.gov.pk/
508,513,2022-11-10T04:29:28,"30,909,417","1,574,508","1,543,060","30,629",51,"5,362",38,174,1,0,https://covid.gov.pk/
509,514,2022-11-11T04:26:39,"30,914,918","1,574,549","1,543,091","30,629",55,"5,501",41,31,0,4,https://covid.gov.pk/
510,515,2022-11-13T10:07:56,"30,927,019","1,574,638","1,543,157","30,629",53,"5,559",42,24,0,0,https://covid.gov.pk/
511,516,2022-11-14T10:09:38,"30,931,506","1,574,679","1,543,219","30,629",44,"4,487",41,62,0,0,https://covid.gov.pk/
512,517,2022-11-15T04:13:10,"30,935,697","1,574,711","1,543,254","30,629",48,"4,191",32,35,0,4,https://covid.gov.pk/
513,518,2022-11-16T04:14:45,"30,943,830","1,574,743","1,543,325","30,629",46,"8,133",32,71,0,0,https://covid.gov.pk/
514,519,2022-11-17T05:08:15,"30,952,430","1,574,800","1,543,378","30,630",53,"8,600",57,53,1,7,https://covid.gov.pk/
515,520,2022-11-18T05:07:43,"30,961,533","1,574,825","1,543,410","30,630",51,"9,103",25,32,0,0,https://covid.gov.pk/
516,521,2022-11-21T04:16:12,"30,980,583","1,574,913","1,543,544","30,630",42,"5,435",17,31,0,0,https://covid.gov.pk/
517,522,2022-11-22T04:09:54,"30,984,061","1,574,938","1,543,564","30,630",46,"3,478",25,31,0,4,https://covid.gov.pk/
518,523,2022-11-23T10:08:14,"30,990,727","1,574,965","1,543,608","30,630",40,"6,666",27,44,0,0,https://covid.gov.pk/
519,524,2022-11-28T04:09:16,"31,024,423","1,575,124","1,543,757","30,630",28,"5,783",28,11,0,0,https://covid.gov.pk/
520,525,2022-11-29T04:09:03,"31,027,671","1,575,146","1,543,788","30,631",32,"3,248",22,31,1,4,https://covid.gov.pk/
521,526,2022-11-30T10:08:25,"31,034,892","1,575,185","1,543,819","30,631",29,"7,221",39,31,0,0,https://covid.gov.pk/
522,527,2022-12-01T05:07:40,"31,041,720","1,575,225","1,543,849","30,632",29,"6,828",40,30,1,0,https://covid.gov.pk/
523,528,2022-12-05T10:08:40,"31,070,422","1,575,329","1,543,985","30,632",24,"6,351",39,45,0,0,https://covid.gov.pk/
524,529,2022-12-07T05:06:59,"31,080,766","1,575,382","1,544,053","30,634",35,"6,708",28,38,2,1,https://covid.gov.pk/
525,530,2022-12-08T05:07:38,"31,088,217","1,575,406","1,544,087","30,634",26,"7,451",24,34,0,0,https://covid.gov.pk/
526,531,2022-12-09T05:06:22,"31,094,659","1,575,424","1,544,103","30,635",25,"6,442",18,16,1,0,https://covid.gov.pk/
