,id,datetime,total_fully,total_partially,total_doses,last_fully,last_partially,last_doses,reference
0,3,2021-05-9T08:54:46,"938,948","1,751,707","3,629,065","9,396","9,396","101,538",https://covid.gov.pk/
1,4,2021-05-11T04:17:53,"938,948","1,751,707","3,629,065","9,396","92,142","101,538",https://covid.gov.pk/
2,5,2021-05-12T04:21:57,"952,518","1,859,208","3,705,244","13,570","109,395","122,965",https://covid.gov.pk/
3,6,2021-05-13T04:23:26,"964,227","1,966,837","3,836,291","11,709","119,338","131,047",https://covid.gov.pk/
4,7,2021-05-14T04:24:40,"964,227","1,966,837","3,836,291","11,709","119,338","131,047",https://covid.gov.pk/
5,9,2021-05-15T05:21:17,"964,227","1,966,837","3,836,291","11,709","119,338","131,047",https://covid.gov.pk/
6,10,2021-05-16T05:23:31,"964,227","1,966,837","3,836,291","11,709","119,338","131,047",https://covid.gov.pk/
7,11,2021-05-17T04:24:44,"964,227","1,966,837","3,836,291","11,709","119,338","131,047",https://covid.gov.pk/
8,12,2021-05-18T04:25:38,"964,227","1,966,837","3,836,291","11,709","119,338","131,047",https://covid.gov.pk/
9,13,2021-05-19T04:21:54,"964,227","1,966,837","3,836,291","11,709","119,338","131,047",https://covid.gov.pk/
10,14,2021-05-20T04:23:37,"1,156,893","2,491,040","4,747,033","37,306","174,680","211,986",https://covid.gov.pk/
11,15,2021-05-21T04:24:57,"1,193,441","2,631,873","4,956,853","34,568","176,907","211,475",https://covid.gov.pk/
12,16,2021-05-22T04:26:10,"1,193,441","2,631,873","4,956,853","34,568","176,907","211,475",https://covid.gov.pk/
13,17,2021-05-23T04:31:01,"1,193,441","2,631,873","4,956,853","34,568","176,907","211,475",https://covid.gov.pk/
14,18,2021-05-24T04:15:35,"1,286,429","2,857,746","5,358,808","47,861","160,203","208,064",https://covid.gov.pk/
15,19,2021-05-25T05:30:45,"1,286,429","2,857,746","5,358,808","47,861","160,203","208,064",https://covid.gov.pk/
16,20,2021-05-26T04:42:36,"1,286,429","2,857,746","5,358,808","47,861","160,203","208,064",https://covid.gov.pk/
17,21,2021-05-27T04:48:35,"1,513,144","3,180,246","6,130,509","87,169","199,940","287,109",https://covid.gov.pk/
18,22,2021-05-28T05:19:24,"1,513,144","3,180,246","6,130,509","87,169","199,940","287,109",https://covid.gov.pk/
19,23,2021-05-29T05:50:05,"1,513,144","3,180,246","6,130,509","87,169","199,940","287,109",https://covid.gov.pk/
20,24,2021-05-30T05:30:19,"1,513,144","3,180,246","6,130,509","87,169","199,940","287,109",https://covid.gov.pk/
21,25,2021-05-31T05:38:15,"1,513,144","3,180,246","6,130,509","87,169","199,940","287,109",https://covid.gov.pk/
22,26,2021-06-01T05:52:55,"1,985,005","3,493,064","7,337,187","86,871","156,497","243,368",https://covid.gov.pk/
23,27,2021-06-02T05:43:41,"2,076,600","3,630,080","7,648,481","82,467","228,592","311,059",https://covid.gov.pk/
24,28,2021-06-03T05:38:57,"2,174,169","3,746,786","7,953,574","90,729","214,133","304,862",https://covid.gov.pk/
25,29,2021-06-04T05:24:44,"2,174,169","3,746,786","7,953,574","90,729","214,133","304,862",https://covid.gov.pk/
26,30,2021-06-05T05:02:50,"2,310,115","4,054,355","8,263,763","40,142","214,864","255,006",https://covid.gov.pk/
27,31,2021-06-06T10:32:31,"2,310,115","4,054,355","8,263,763","40,142","214,864","255,006",https://covid.gov.pk/
28,32,2021-06-07T05:17:55,"2,310,115","4,054,355","8,263,763","40,142","214,864","255,006",https://covid.gov.pk/
29,33,2021-06-08T05:13:05,"2,310,115","4,054,355","8,263,763","40,142","214,864","255,006",https://covid.gov.pk/
30,34,2021-06-09T04:26:16,"2,540,238","4,741,579","9,559,910","43,908","309,056","352,964",https://covid.gov.pk/
31,35,2021-06-10T04:19:01,"2,540,238","4,741,579","9,559,910","43,908","309,056","352,964",https://covid.gov.pk/
32,36,2021-06-11T04:07:22,"2,540,238","4,741,579","9,559,910","43,908","309,056","352,964",https://covid.gov.pk/
33,37,2021-06-12T04:04:10,"2,851,063","5,282,591","10,496,228","27,392","282,709","310,101",https://covid.gov.pk/
34,38,2021-06-13T05:09:04,"2,883,959","5,439,101","10,696,402","10,744","189,320","200,064",https://covid.gov.pk/
35,39,2021-06-14T04:05:42,"2,883,959","5,439,101","10,696,402","10,744","189,320","200,064",https://covid.gov.pk/
36,40,2021-06-15T04:05:47,"3,006,048","5,902,003","11,085,787","20,412","368,825","389,237",https://covid.gov.pk/
37,41,2021-06-16T05:09:58,"3,107,671","6,201,219","11,745,889","29,642","404,692","434,334",https://covid.gov.pk/
38,42,2021-06-17T06:44:25,"3,107,688","6,201,218","12,065,211","97,121","272,128","369,249",https://covid.gov.pk/
39,43,2021-06-18T04:05:24,"3,306,330","6,674,107","12,483,801","150,733","267,203","417,936",https://covid.gov.pk/
40,44,2021-06-19T04:04:21,"3,379,444","6,829,705","12,750,760","73,087","193,779","266,866",https://covid.gov.pk/
41,45,2021-06-20T11:32:18,"3,457,578","6,945,344","12,977,740","78,130","148,737","226,867",https://covid.gov.pk/
42,46,2021-06-21T04:05:06,"3,457,578","6,945,344","12,977,740","78,130","148,737","226,867",https://covid.gov.pk/
43,47,2021-06-22T04:06:20,"3,457,578","6,945,344","12,977,740","78,130","148,737","226,867",https://covid.gov.pk/
44,48,2021-06-23T04:04:23,"3,566,547","7,267,000","13,484,364","55,543","248,339","303,882",https://covid.gov.pk/
45,49,2021-06-24T04:03:13,"3,566,547","7,267,000","13,484,364","55,543","248,339","303,882",https://covid.gov.pk/
46,50,2021-06-25T04:05:51,"2,725,240","11,440,648","14,165,288",,,,https://covid.gov.pk/
47,51,2021-06-26T04:06:03,"2,725,240","11,440,648","14,165,288",,,,https://covid.gov.pk/
48,52,2021-06-27T04:04:41,"2,815,454","11,978,339","14,793,793","39,881","250,696","290,577",https://covid.gov.pk/
49,54,2021-06-28T18:03:31,"2,815,454","11,978,339","14,793,793","39,881","250,696","290,577",https://covid.gov.pk/
50,56,2021-06-29T16:39:24,"2,815,454","11,978,339","14,793,793","39,881","250,696","290,577",https://covid.gov.pk/
51,57,2021-06-30T04:04:37,"2,939,748","12,641,654","15,581,402","68,423","341,549","409,972",https://covid.gov.pk/
52,58,2021-07-01T04:06:36,"3,032,920","12,938,721","159,716,411","93,133","297,038","390,171",https://covid.gov.pk/
53,59,2021-07-02T04:04:47,"3,121,648","13,234,851","16,356,499","88,718","296,083","384,801",https://covid.gov.pk/
54,60,2021-07-03T04:04:28,"3,206,915","13,507,802","16,714,717","85,255","272,899","358,154",https://covid.gov.pk/
55,61,2021-07-04T04:05:03,"3,264,313","13,736,438","17,000,751","57,382","230,913","288,295",https://covid.gov.pk/
56,62,2021-07-05T04:05:23,"3,363,490","14,026,856","17,390,346","98,880","290,377","389,257",https://covid.gov.pk/
57,63,2021-07-06T04:04:47,"3,363,490","14,026,856","17,390,346","98,880","290,377","389,257",https://covid.gov.pk/
58,64,2021-07-07T04:07:06,"3,427,072","14,332,711","17,759,783","87,546","338,070","425,616",https://covid.gov.pk/
59,65,2021-07-08T04:04:45,"3,530,044","14,698,191","18,228,235",,,,https://covid.gov.pk/
60,66,2021-07-09T04:04:49,"3,530,044","14,698,191","18,228,235",,,,https://covid.gov.pk/
61,67,2021-07-10T04:05:16,"3,746,989","15,320,363","19,067,352","116,399","306,344","422,743",https://covid.gov.pk/
62,68,2021-07-11T04:05:03,"3,746,989","15,320,363","19,067,352","116,399","306,344","422,743",https://covid.gov.pk/
63,69,2021-07-12T04:07:55,"3,942,291","15,941,609","19,883,900","104,581","341,697","446,278",https://covid.gov.pk/
64,70,2021-07-13T04:05:04,"3,942,291","15,941,609","19,883,900",,,,https://covid.gov.pk/
65,71,2021-07-14T04:04:53,"4,094,703","16,445,560","20,540,263","134,303","390,865","525,168",https://covid.gov.pk/
66,72,2021-07-15T04:04:57,"4,209,460","16,867,090","21,076,550",,,,https://covid.gov.pk/
67,73,2021-07-16T04:04:40,"4,323,805","17,336,845","21,660,650","114,343","469,312","583,655",https://covid.gov.pk/
68,74,2021-07-17T05:02:59,"4,447,061","17,775,640","22,222,701","123,256","438,279","561,535",https://covid.gov.pk/
69,75,2021-07-18T04:04:56,"4,550,696","18,185,297","22,735,993",,,,https://covid.gov.pk/
70,76,2021-07-19T04:05:05,"4,550,696","18,185,297","22,735,993","103,635","409,447","513,082",https://covid.gov.pk/
71,77,2021-07-20T04:06:31,"4,550,696","18,185,297","22,735,993",,,,https://covid.gov.pk/
72,78,2021-07-21T04:07:56,"6,869,346","19,207,382","24,096,587","156,799","450,257","607,056",https://covid.gov.pk/
73,79,2021-07-22T04:06:50,"6,869,346","19,207,382","24,096,587","156,799","450,257","607,056",https://covid.gov.pk/
74,80,2021-07-23T04:08:24,"6,869,346","19,207,382","24,096,587","156,799","450,257","607,056",https://covid.gov.pk/
75,81,2021-07-24T05:03:27,"6,869,346","19,207,382","24,096,587","156,799","450,257","607,056",https://covid.gov.pk/
76,82,2021-07-25T05:03:03,"6,869,346","19,207,382","24,096,587",,,,https://covid.gov.pk/
77,83,2021-07-26T04:07:52,"5,229,222","20,202,951","25,432,173",,,,https://covid.gov.pk/
78,84,2021-07-27T04:04:44,"5,229,222","20,202,951","25,432,173","159,356","357,858","517,214",https://covid.gov.pk/
79,85,2021-07-28T04:04:42,"5,478,872","20,796,363","26,248,235","222,926","460,690","683,616",https://covid.gov.pk/
80,86,2021-07-29T04:05:12,"5,695,574","21,330,733","27,026,307",,,,https://covid.gov.pk/
81,87,2021-07-30T04:05:14,"5,907,929","21,968,070","27,875,999","212,346","637,288","849,634",https://covid.gov.pk/
82,88,2021-07-31T04:07:03,"6,104,314","22,638,911","28,743,225",,,,https://covid.gov.pk/
83,89,2021-08-01T04:06:29,Dose,Dose,"29,648,055","208,088","696,652","904,740",https://covid.gov.pk/
84,92,2021-08-02T19:45:21,"6,503,987","24,086,196","30,590,183","191,553","743,055","934,608",https://covid.gov.pk/
85,93,2021-08-03T04:07:25,"6,503,987","24,086,196","30,590,183","191,553","743,055","934,608",https://covid.gov.pk/
86,94,2021-08-04T04:05:16,"6,720,918","25,208,663","31,929,581","192,991","879,181","1,072,172",https://covid.gov.pk/
87,95,2021-08-05T04:05:33,"6,913,200","26,146,476","33,059,676","201,750","937,656","1,139,406",https://covid.gov.pk/
88,96,2021-08-06T04:05:17,"7,086,742","27,117,311","34,204,053","187,897","970,536","1,158,433",https://covid.gov.pk/
89,97,2021-08-07T04:04:51,"7,239,268","28,067,624","35,306,892","173,101","950,176","1,123,277",https://covid.gov.pk/
90,98,2021-08-08T04:06:00,"7,445,184","28,885,841","36,331,025","156,501","818,121","974,622",https://covid.gov.pk/
91,99,2021-08-09T04:06:56,"7,635,391","29,789,315","37,424,706","193,219","903,331","1,096,550",https://covid.gov.pk/
92,100,2021-08-10T04:06:05,"7,635,391","29,789,315","37,424,706","193,219","903,331","1,096,550",https://covid.gov.pk/
93,101,2021-08-11T04:05:16,"10,897,649",First,"38,722,292","224,219","900,087","1,033,901",https://covid.gov.pk/
94,102,2021-08-12T04:05:57,"11,229,247",First,"39,712,007","274,316","857,866","989,448",https://covid.gov.pk/
95,103,2021-08-13T04:06:20,"11,497,462",First,"40,664,110","267,814","828,223","951,802",https://covid.gov.pk/
96,104,2021-08-14T04:04:37,"11,646,699",First,"41,467,713","247,345","693,605","803,493",https://covid.gov.pk/
97,105,2021-08-15T05:03:17,"11,956,552",First,"42,173,424","211,539","606,707","705,615",https://covid.gov.pk/
98,106,2021-08-16T04:07:23,"12,104,373",First,"42,688,545","147,781","434,898","515,096",https://covid.gov.pk/
99,107,2021-08-17T04:06:18,"12,104,373",First,"42,688,545","147,781","434,898","515,096",https://covid.gov.pk/
100,108,2021-08-18T04:05:56,"12,361,408",First,"43,463,404","256,950","598,631","774,763",https://covid.gov.pk/
101,109,2021-08-19T05:03:27,"12,795,662",First,"44,736,977","137,232","309,029","414,760",https://covid.gov.pk/
102,110,2021-08-20T04:07:51,"12,795,662",First,"44,736,977","137,232","309,029","414,760",https://covid.gov.pk/
103,111,2021-08-21T04:06:49,"12,795,662",First,"44,736,977","137,232","309,029","414,760",https://covid.gov.pk/
104,112,2021-08-22T04:06:51,"13,022,591",First,"45,540,221","259,048","584,639","803,244",https://covid.gov.pk/
105,113,2021-08-23T04:07:39,"13,434,605",First,"46,456,077","379,809","585,104","915,856",https://covid.gov.pk/
106,114,2021-08-24T04:05:35,"13,434,605",First,"46,456,077","379,809","585,104","915,856",https://covid.gov.pk/
107,115,2021-08-25T04:05:50,"13,970,584",First,"47,802,106","456,307","665,152","1,051,531",https://covid.gov.pk/
108,116,2021-08-26T04:05:34,"13,970,584",First,"47,802,106","456,307","665,152","1,051,531",https://covid.gov.pk/
109,117,2021-08-27T04:05:07,"14,827,179",First,"49,883,211","429,432","676,871","1,054,924",https://covid.gov.pk/
110,118,2021-08-28T05:03:28,"15,269,699",First,"50,985,184","442,495","702,290","1,101,973",https://covid.gov.pk/
111,119,2021-08-29T10:04:55,"15,269,699",First,"50,985,184","442,495","702,290","1,101,973",https://covid.gov.pk/
112,120,2021-08-30T04:06:35,"15,269,699",First,"50,985,184","442,495","702,290","1,101,973",https://covid.gov.pk/
113,121,2021-08-31T04:05:25,"16,171,867",First,"53,314,628","494,123","831,226","1,266,215",https://covid.gov.pk/
114,122,2021-09-01T04:06:39,"16,866,627",First,"55,178,137","533,180","916,358","1,405,214",https://covid.gov.pk/
115,123,2021-09-02T04:05:23,"17,455,249",First,"56,768,446","519,082","1,071,154","1,590,236",https://covid.gov.pk/
116,126,2021-09-06T04:05:37,"19,427,419",First,"61,724,580","397,576","789,537","1,188,432",https://covid.gov.pk/
117,127,2021-09-07T04:05:56,"19,427,419",First,"61,724,580","397,576","789,537","1,188,432",https://covid.gov.pk/
118,128,2021-09-08T04:05:27,"20,058,377",First,"63,319,214","398,339","795,945","1,197,615",https://covid.gov.pk/
119,129,2021-09-09T04:05:34,"20,525,969",First,"64,554,859","467,545","837,085","1,235,568",https://covid.gov.pk/
120,130,2021-09-10T04:06:29,"20,912,015",First,"65,505,999","386,014","628,448","951,140",https://covid.gov.pk/
121,131,2021-09-11T04:06:44,"21,292,706",First,"66,456,245","380,655","623,048","950,246",https://covid.gov.pk/
122,133,2021-09-12T16:56:59,"21,613,626","50,803,582","67,342,288","320,071","596,373","873,783",https://covid.gov.pk/
123,134,2021-09-13T04:05:56,"21,613,626","50,803,582","67,342,288","320,071","596,373","873,783",https://covid.gov.pk/
124,135,2021-09-14T04:06:54,"21,962,455","51,390,802","68,227,337","304,417","587,092","885,049",https://covid.gov.pk/
125,136,2021-09-15T04:06:01,"21,962,455","51,390,802","68,227,337","304,417","587,092","885,049",https://covid.gov.pk/
126,137,2021-09-16T04:05:26,"22,873,298","52,798,836","70,402,987","359,539","586,486","890,980",https://covid.gov.pk/
127,138,2021-09-17T04:06:40,"23,241,257","53,396,378","71,311,567","312,642","598,599","909,820",https://covid.gov.pk/
128,139,2021-09-18T04:05:13,"23,586,085","53,945,173","72,157,481","297,793","548,673","845,923",https://covid.gov.pk/
129,140,2021-09-19T04:06:44,"23,966,026","54,436,916","72,986,511","380,236","491,572","829,030",https://covid.gov.pk/
130,141,2021-09-20T05:03:35,"23,966,026","54,436,916","72,986,511","380,236","491,572","829,030",https://covid.gov.pk/
131,142,2021-09-21T04:05:45,"24,376,310","54,919,437","73,831,778","409,976","482,378","845,267",https://covid.gov.pk/
132,143,2021-09-22T04:08:02,"24,868,018","55,490,525","74,837,117","350,976","456,174","807,310",https://covid.gov.pk/
133,144,2021-09-23T04:05:12,"24,868,018","55,490,525","74,837,117","350,976","456,174","807,310",https://covid.gov.pk/
134,145,2021-09-24T04:06:11,"25,493,964","56,229,457","76,141,484","307,872","345,202","623,473",https://covid.gov.pk/
135,146,2021-09-25T04:06:12,"25,493,964","56,229,457","76,141,484","307,872","345,202","623,473",https://covid.gov.pk/
136,147,2021-09-26T05:03:32,"25,493,964","56,229,457","76,141,484","307,872","345,202","623,473",https://covid.gov.pk/
137,148,2021-09-27T05:03:45,"25,493,964","56,229,457","76,141,484","307,872","345,202","623,473",https://covid.gov.pk/
138,149,2021-09-28T05:03:16,"25,493,964","56,229,457","76,141,484","307,872","345,202","623,473",https://covid.gov.pk/
139,150,2021-09-29T04:05:33,"27,331,678","57,897,219","79,533,208","524,537","457,259","962,907",https://covid.gov.pk/
140,151,2021-09-30T04:05:12,"27,405,873","58,405,873","80,508,569","503,209","508,637","975,361",https://covid.gov.pk/
141,152,2021-10-01T04:08:25,"28,407,862","58,963,116","81,634,971","600,798","557,239","1,126,402",https://covid.gov.pk/
142,153,2021-10-02T04:06:47,"29,054,821","59,565,195","82,830,350","617,625","602,074","1,185,379",https://covid.gov.pk/
143,154,2021-10-03T05:03:35,"29,054,821","59,565,195","82,830,350","617,625","602,074","1,185,379",https://covid.gov.pk/
144,155,2021-10-04T04:07:48,"29,054,821","59,565,195","82,830,350","617,625","602,074","1,185,379",https://covid.gov.pk/
145,156,2021-10-05T04:06:36,"29,054,821","59,565,195","82,830,350","617,625","602,074","1,185,379",https://covid.gov.pk/
146,157,2021-10-06T04:05:14,"31,020,211","61,538,995","86,630,655","661,069","583,177","1,204,091",https://covid.gov.pk/
147,158,2021-10-07T04:07:42,"31,632,731","62,076,090","87,741,079","637,489","592,095","1,190,424",https://covid.gov.pk/
148,159,2021-10-08T04:06:45,"31,632,731","62,076,090","87,741,079","637,489","592,095","1,190,424",https://covid.gov.pk/
149,160,2021-10-09T04:07:28,"32,723,061","63,046,740","89,719,686","604,451","493,575","1,052,572",https://covid.gov.pk/
150,161,2021-10-10T05:03:37,"32,723,061","63,046,740","89,719,686","604,451","493,575","1,052,572",https://covid.gov.pk/
151,162,2021-10-11T04:05:34,"32,723,061","63,046,740","89,719,686","604,451","493,575","1,052,572",https://covid.gov.pk/
152,163,2021-10-12T05:03:43,"34,299,139","64,463,928","92,597,193","522,863","452,197","941,911",https://covid.gov.pk/
153,164,2021-10-13T04:06:11,"34,299,139","64,463,928","92,597,193","522,863","452,197","941,911",https://covid.gov.pk/
154,165,2021-10-14T04:06:29,"34,809,848","64,947,702","93,551,193","510,705","483,770","954,000",https://covid.gov.pk/
155,166,2021-10-15T04:07:05,"34,809,848","64,947,702","93,551,193","510,705","483,770","954,000",https://covid.gov.pk/
156,167,2021-10-16T04:05:30,"34,809,848","64,947,702","93,551,193","510,705","483,770","954,000",https://covid.gov.pk/
157,168,2021-10-17T05:03:29,"34,809,848","64,947,702","93,551,193","510,705","483,770","954,000",https://covid.gov.pk/
158,169,2021-10-18T04:07:48,"34,809,848","64,947,702","93,551,193","510,705","483,770","954,000",https://covid.gov.pk/
159,170,2021-10-19T04:05:50,"34,809,848","64,947,702","93,551,193","510,705","483,770","954,000",https://covid.gov.pk/
160,171,2021-10-20T04:07:41,"34,809,848","64,947,702","93,551,193","510,705","483,770","954,000",https://covid.gov.pk/
161,172,2021-10-21T04:06:17,"34,809,848","64,947,702","93,551,193","510,705","483,770","954,000",https://covid.gov.pk/
162,173,2021-10-22T04:07:32,"37,468,751","67,580,193","98,607,708","426,468","370,839","753,565",https://covid.gov.pk/
163,174,2021-10-23T04:05:31,"37,855,681","67,956,040","99,335,067","386,885","375,843","727,359",https://covid.gov.pk/
164,175,2021-10-24T04:06:27,"38,213,423","68,304,746","100,016,587","357,783","348,706","681,520",https://covid.gov.pk/
165,176,2021-10-25T04:07:23,"38,596,890","68,666,464","100,741,762","383,426","361,718","725,175",https://covid.gov.pk/
166,177,2021-10-26T04:05:57,"38,596,890","68,666,464","100,741,762","383,426","361,718","725,175",https://covid.gov.pk/
167,178,2021-10-27T04:07:09,"38,977,366","690,433,737","101,470,254","380,476","380,476","728,492",https://covid.gov.pk/
168,179,2021-10-28T04:07:32,"39,303,110","69,341,110","102,067,945","327,948","301,581","603,182",https://covid.gov.pk/
169,180,2021-10-29T04:06:53,"40,016,932","70,139,040","103,514,198","373,474","415,562","754,680",https://covid.gov.pk/
170,181,2021-10-30T04:05:41,"40,016,932","70,139,040","103,514,198","373,474","415,562","754,680",https://covid.gov.pk/
171,182,2021-10-31T04:07:04,"40,016,932","70,139,040","103,514,198","373,474","415,562","754,680",https://covid.gov.pk/
172,183,2021-11-01T05:05:27,"40,016,932","70,139,040","103,514,198","373,474","415,562","754,680",https://covid.gov.pk/
173,184,2021-11-02T04:07:16,"40,016,932","70,139,040","103,514,198","373,474","415,562","754,680",https://covid.gov.pk/
174,185,2021-11-03T04:07:21,"41,319,385","71,328,306","105,881,931","551,141","481,276","970,365",https://covid.gov.pk/
175,186,2021-11-04T04:06:38,"41,902,093","71,907,993","106,984,156","579,686","579,686","1,102,224",https://covid.gov.pk/
176,187,2021-11-05T04:06:08,"41,902,093","71,907,993","106,984,156","579,686","579,686","1,102,224",https://covid.gov.pk/
177,188,2021-11-06T04:06:27,"43,231,870","73,315,751","109,586,984","665,361","710,366","1,309,751",https://covid.gov.pk/
178,189,2021-11-07T04:05:36,"43,849,554","73,979,036","110,800,576","617,684","663,285","1,213,592",https://covid.gov.pk/
179,190,2021-11-08T04:07:09,"43,849,554","73,979,036","110,800,576","617,684","663,285","1,213,592",https://covid.gov.pk/
180,191,2021-11-09T04:07:13,"44,431,071","74,621,225","111,967,455","581,517","642,189","1,166,879",https://covid.gov.pk/
181,192,2021-11-10T10:05:27,"45,986,932","76,139,355","114,891,170","902,037","860,784","1,703,072",https://covid.gov.pk/
182,193,2021-11-11T04:05:54,"45,986,932","76,139,355","114,891,170","902,037","860,784","1,703,072",https://covid.gov.pk/
183,194,2021-11-12T04:06:30,"46,660,734","76,784,188","116,131,086","673,802","644,833","1,239,916",https://covid.gov.pk/
184,195,2021-11-13T10:06:55,"47,804,912","77,877,215","118,333,360","572,374","533,646","1,089,429",https://covid.gov.pk/
185,196,2021-11-14T10:05:34,"47,804,912","77,877,215","118,333,360","572,374","533,646","1,089,429",https://covid.gov.pk/
186,197,2021-11-15T05:04:21,"47,804,912","77,877,215","118,333,360","572,374","533,646","1,089,429",https://covid.gov.pk/
187,198,2021-11-16T04:06:04,"48,185,021","78,215,285","119,035,991","380,109","338,070","702,631",https://covid.gov.pk/
188,199,2021-11-17T04:07:30,"48,408,374","78,406,714","119,436,714","223,353","191,429","400,723",https://covid.gov.pk/
189,200,2021-11-18T04:06:30,"48,600,660","78,534,263","119,738,546","192,286","127,549","301,832",https://covid.gov.pk/
190,201,2021-11-19T04:06:54,"48,749,422","78,654,489","120,003,443","148,762","120,226","264,897",https://covid.gov.pk/
191,202,2021-11-20T05:03:54,"49,010,906","78,845,170","120,448,598","120,061","97,971","215,019",https://covid.gov.pk/
192,203,2021-11-21T04:06:17,"49,010,906","78,845,170","120,448,598","120,061","97,971","215,019",https://covid.gov.pk/
193,204,2021-11-22T04:07:30,"49,010,906","78,845,170","120,448,598","120,061","97,971","215,019",https://covid.gov.pk/
194,205,2021-11-23T04:06:03,"49,010,906","78,845,170","120,448,598","120,061","97,971","215,019",https://covid.gov.pk/
195,206,2021-11-24T04:06:53,"49,343,712","79,232,745","121,158,338","200,296","262,110","456,029",https://covid.gov.pk/
196,207,2021-11-25T04:07:20,"49,483,995","79,407,984","121,470,994","140,283","175,239","312,656",https://covid.gov.pk/
197,208,2021-11-26T04:06:14,"49,613,535","79,587,750","121,777,985","179,766","179,766","306,991",https://covid.gov.pk/
198,209,2021-11-27T04:06:59,"49,613,535","79,587,750","121,777,985","179,766","179,766","306,991",https://covid.gov.pk/
199,210,2021-11-28T04:06:46,"49,844,419","79,903,178","122,319,215","107,453","147,862","253,060",https://covid.gov.pk/
200,211,2021-11-29T04:08:10,"49,844,419","79,903,178","122,319,215","107,453","147,862","253,060",https://covid.gov.pk/
201,212,2021-11-30T04:04:24,"49,954,582","79,999,013","122,561,478","110,163","134,134","242,263",https://covid.gov.pk/
202,213,2021-12-01T04:11:24,"50,184,100","80,284,860","123,032,063","229,518","247,548","470,585",https://covid.gov.pk/
203,214,2021-12-02T04:06:31,"50,184,100","80,284,860","123,032,063","229,518","247,548","470,585",https://covid.gov.pk/
204,215,2021-12-03T04:07:04,"50,735,744","80,779,778","124,054,300","359,580","281,482","620,643",https://covid.gov.pk/
205,216,2021-12-04T04:07:19,"51,163,078","81,076,341","124,760,553","427,334","296,563","706,253",https://covid.gov.pk/
206,217,2021-12-05T04:07:20,"51,163,078","81,076,341","124,760,553","427,334","296,563","706,253",https://covid.gov.pk/
207,218,2021-12-06T04:07:20,"51,163,078","81,076,341","124,760,553","427,334","296,563","706,253",https://covid.gov.pk/
208,219,2021-12-07T04:07:21,"52,303,524","81,806,077","126,586,512","623,110","404,422","1,011,868",https://covid.gov.pk/
209,220,2021-12-08T04:07:33,"53,031,529","82,224,088","127,706,528","728,005","418,011","1,120,016",https://covid.gov.pk/
210,221,2021-12-10T04:07:16,"54,556,748","83,180,958","130,107,583","775,647","487,317","1,227,596",https://covid.gov.pk/
211,222,2021-12-11T04:07:44,"55,309,570","83,679,855","131,311,097","748,015","498,897","1,203,514",https://covid.gov.pk/
212,223,2021-12-12T04:06:54,"56,119,999","84,243,233","132,638,510","815,236","563,378","1,327,413",https://covid.gov.pk/
213,224,2021-12-13T04:08:16,"56,119,999","84,243,233","132,638,510","815,236","563,378","1,327,413",https://covid.gov.pk/
214,225,2021-12-14T04:07:25,"56,861,225","84,783,151","133,901,703","741,226","539,918","1,263,193",https://covid.gov.pk/
215,226,2021-12-15T04:06:30,"57,364,128","85,208,104","134,818,017","502,903","424,953","916,314",https://covid.gov.pk/
216,227,2021-12-16T04:06:20,"57,979,552","85,736,920","135,923,461","615,424","528,816","1,105,444",https://covid.gov.pk/
217,228,2021-12-17T04:07:11,"58,685,427","86,333,973","137,120,270","648,627","539,805","1,139,561",https://covid.gov.pk/
218,229,2021-12-18T04:06:44,"59,361,468","86,968,178","138,365,328","676,041","634,205","1,245,058",https://covid.gov.pk/
219,230,2021-12-19T04:06:58,"60,043,930","87,534,489","1,297,362","739,710","623,559","1,297,362",https://covid.gov.pk/
220,231,2021-12-20T04:08:57,"60,043,930","87,534,489","1,297,362","739,710","623,559","1,297,362",https://covid.gov.pk/
221,232,2021-12-21T04:07:21,"61,084,339","88,492,869","141,509,339","404,651","338,653","713,582",https://covid.gov.pk/
222,233,2021-12-22T04:07:18,"61,761,440","89,091,860","142,713,705","677,101","598,991","1,204,366",https://covid.gov.pk/
223,234,2021-12-23T04:07:27,"62,547,553","89,792,114","144,064,235","787,613","709,754","1,352,030",https://covid.gov.pk/
224,235,2021-12-24T04:07:17,"63,382,390","90,529,877","145,453,360","834,837","737,763","1,385,125",https://covid.gov.pk/
225,236,2021-12-25T04:07:28,"63,382,390","90,529,877","145,453,360","834,837","737,763","1,385,125",https://covid.gov.pk/
226,237,2021-12-26T04:07:37,"65,149,948","92,086,806","148,265,690","841,430","771,159","1,336,509",https://covid.gov.pk/
227,238,2021-12-27T04:07:20,"65,149,948","92,086,806","148,265,690","841,430","771,159","1,336,509",https://covid.gov.pk/
228,239,2021-12-28T04:07:27,"65,149,948","92,086,806","148,265,690","841,430","771,159","1,336,509",https://covid.gov.pk/
229,240,2021-12-29T04:07:14,"67,506,239","94,261,625","151,951,087","877,304","801,849","1,358,181",https://covid.gov.pk/
230,241,2021-12-30T04:07:54,"68,508,472","95,159,489","153,477,237","1,002,233","897,864","1,526,150",https://covid.gov.pk/
231,242,2021-12-31T04:07:11,"69,530,454","96,053,363","155,023,641","1,021,982","893,874","1,546,404",https://covid.gov.pk/
232,243,2022-01-01T04:07:28,"70,576,467","96,980,678","156,623,021","1,046,013","927,315","1,599,380",https://covid.gov.pk/
233,244,2022-01-02T04:07:28,"70,576,467","96,980,678","156,623,021","1,046,013","927,315","1,599,380",https://covid.gov.pk/
234,245,2022-01-03T04:07:41,"70,576,467","96,980,678","156,623,021","1,046,013","927,315","1,599,380",https://covid.gov.pk/
235,246,2022-01-04T04:07:35,"70,576,467","96,980,678","156,623,021","1,046,013","927,315","1,599,380",https://covid.gov.pk/
236,247,2022-01-05T04:07:26,"72,060,508","98,201,766","159,058,469","561,634","384,332","884,515",https://covid.gov.pk/
237,248,2022-01-06T04:07:31,"72,546,719","98,560,854","159,900,613","486,211","359,088","842,144",https://covid.gov.pk/
238,249,2022-01-07T04:07:21,"72,995,114","98,863,864","160,651,005","448,395","303,010","750,392",https://covid.gov.pk/
239,250,2022-01-08T04:07:37,"73,484,322","99,144,159","161,409,693","489,208","280,295","758,688",https://covid.gov.pk/
240,251,2022-01-09T04:07:36,"73,862,234","99,454,273","162,115,885","377,912","310,114","706,192",https://covid.gov.pk/
241,252,2022-01-10T04:07:17,"73,862,234","99,454,273","162,115,885","377,912","310,114","706,192",https://covid.gov.pk/
242,253,2022-01-11T04:07:44,"73,862,234","99,454,273","162,115,885","377,912","310,114","706,192",https://covid.gov.pk/
243,254,2022-01-12T04:08:32,"75,225,220","100,410,291","163,648,656","496,717","331,511","826,996",https://covid.gov.pk/
244,255,2022-01-13T04:08:22,"75,686,387","100,797,079","165,296,972","461,167","386,788","821,320",https://covid.gov.pk/
245,256,2022-01-14T04:07:19,"76,162,035","101,124,956","166,083,807","475,648","327,877","786,835",https://covid.gov.pk/
246,257,2022-01-15T04:07:25,"76,649,649","101,457,925","166,837,089","462,614","332,969","753,282",https://covid.gov.pk/
247,258,2022-01-16T04:07:30,"76,649,649","101,457,925","166,837,089","462,614","332,969","753,282",https://covid.gov.pk/
248,259,2022-01-17T04:07:46,"76,649,649","101,457,925","166,837,089","462,614","332,969","753,282",https://covid.gov.pk/
249,260,2022-01-18T04:07:47,"77,485,124","102,107,155","168,365,369","442,884","318,721","784,082",https://covid.gov.pk/
250,261,2022-01-19T04:07:07,"77,485,124","102,107,155","168,365,369","442,884","318,721","784,082",https://covid.gov.pk/
251,262,2022-01-20T04:06:13,"77,932,013","102,396,649","169,131,246","446,889","289,494","765,877",https://covid.gov.pk/
252,263,2022-01-21T04:07:03,"78,860,543","102,975,552","170,711,868","470,601","286,593","786,027",https://covid.gov.pk/
253,264,2022-01-22T04:07:46,"78,860,543","102,975,552","170,711,868","470,601","286,593","786,027",https://covid.gov.pk/
254,265,2022-01-23T04:07:02,"78,860,543","102,975,552","170,711,868","470,601","286,593","786,027",https://covid.gov.pk/
255,266,2022-01-24T04:08:41,"78,860,543","102,975,552","170,711,868","470,601","286,593","786,027",https://covid.gov.pk/
256,267,2022-01-25T04:07:07,"80,041,973","103,805,835","172,836,036","388,764","236,182","660,303",https://covid.gov.pk/
257,268,2022-01-26T04:06:53,"80,425,638","104,004,859","173,479,725","383,665","199,024","643,689",https://covid.gov.pk/
258,269,2022-01-27T04:06:43,"80,425,638","104,004,859","173,479,725","383,665","199,024","643,689",https://covid.gov.pk/
259,270,2022-01-28T04:07:20,"80,748,105","104,228,089","174,085,175","322,467","223,230","605,450",https://covid.gov.pk/
260,271,2022-01-29T04:07:38,"80,748,105","104,228,089","174,085,175","322,467","223,230","605,450",https://covid.gov.pk/
261,272,2022-01-30T04:06:59,"80,748,105","104,228,089","174,085,175","322,467","223,230","605,450",https://covid.gov.pk/
262,273,2022-01-31T04:09:02,"80,748,105","104,228,089","174,085,175","322,467","223,230","605,450",https://covid.gov.pk/
263,274,2022-02-01T05:04:07,"80,748,105","104,228,089","174,085,175","322,467","223,230","605,450",https://covid.gov.pk/
264,275,2022-02-02T04:07:23,"80,748,105","104,228,089","174,085,175","322,467","223,230","605,450",https://covid.gov.pk/
265,276,2022-02-03T04:07:20,"83,275,083","106,328,291","178,996,974","720,302","752,641","1,513,619",https://covid.gov.pk/
266,277,2022-02-04T04:06:40,"83,946,354","107,277,517","180,661,534","671,271","949,226","1,664,560",https://covid.gov.pk/
267,278,2022-02-05T04:08:01,"83,946,354","107,277,517","180,661,534","671,271","949,226","1,664,560",https://covid.gov.pk/
268,279,2022-02-06T04:07:06,"84,731,497","108,173,867","182,396,048","785,143","896,350","1,734,514",https://covid.gov.pk/
269,280,2022-02-07T04:08:10,"86,200,581","110,213,721","185,979,557","743,571","1,059,292","1,842,955",https://covid.gov.pk/
270,281,2022-02-08T04:06:56,"87,052,879","111,408,710","187,996,736","852,298","1,194,989","2,017,179",https://covid.gov.pk/
271,282,2022-02-09T04:07:05,"87,945,007","112,635,918","190,064,703","892,128","1,227,208","2,067,967",https://covid.gov.pk/
272,283,2022-02-10T04:05:53,"88,868,554","113,907,970","192,248,104","957,906","1,272,052","2,183,401",https://covid.gov.pk/
273,284,2022-02-11T04:07:22,"89,853,639","115,238,268","194,492,475","950,726","1,330,298","2,244,371",https://covid.gov.pk/
274,285,2022-02-12T04:07:33,"89,853,639","115,238,268","194,492,475","950,726","1,330,298","2,244,371",https://covid.gov.pk/
275,286,2022-02-13T04:05:34,"89,853,639","115,238,268","194,492,475","950,726","1,330,298","2,244,371",https://covid.gov.pk/
276,287,2022-02-14T04:07:01,"89,853,639","115,238,268","194,492,475","950,726","1,330,298","2,244,371",https://covid.gov.pk/
277,288,2022-02-15T04:05:53,"92,565,125","119,150,808","200,887,927","791,508","1,283,414","2,006,247",https://covid.gov.pk/
278,289,2022-02-16T04:06:47,"93,542,689","120,645,745","203,227,145","977,564","1,495,237","2,339,218",https://covid.gov.pk/
279,290,2022-02-17T04:07:20,"93,542,689","120,645,745","203,227,145","977,564","1,495,237","2,339,218",https://covid.gov.pk/
280,291,2022-02-18T04:08:07,"94,523,444","122,046,024","205,527,345","464,314","600,992","1,023,404",https://covid.gov.pk/
281,292,2022-02-19T04:07:33,"94,523,444","122,046,024","205,527,345","464,314","600,992","1,023,404",https://covid.gov.pk/
282,293,2022-02-20T04:07:47,"94,523,444","122,046,024","205,527,345","464,314","600,992","1,023,404",https://covid.gov.pk/
283,294,2022-02-21T04:08:33,"94,523,444","122,046,024","205,527,345","464,314","600,992","1,023,404",https://covid.gov.pk/
284,295,2022-02-22T04:07:50,"94,523,444","122,046,024","205,527,345","464,314","600,992","1,023,404",https://covid.gov.pk/
285,296,2022-02-23T04:07:38,"96,218,183","124,309,711","209,438,557","389,409","510,878","922,218",https://covid.gov.pk/
286,297,2022-02-24T04:07:38,"96,218,183","124,309,711","209,438,557","389,409","510,878","922,218",https://covid.gov.pk/
287,298,2022-02-25T04:08:20,"96,218,183","124,309,711","209,438,557","389,409","510,878","922,218",https://covid.gov.pk/
288,299,2022-02-26T04:08:51,"96,218,183","124,309,711","209,438,557","389,409","510,878","922,218",https://covid.gov.pk/
289,300,2022-02-27T04:07:44,"96,218,183","124,309,711","209,438,557","389,409","510,878","922,218",https://covid.gov.pk/
290,301,2022-02-28T04:07:59,"96,218,183","124,309,711","209,438,557","389,409","510,878","922,218",https://covid.gov.pk/
291,302,2022-03-01T04:07:54,"96,218,183","124,309,711","209,438,557","389,409","510,878","922,218",https://covid.gov.pk/
292,303,2022-03-02T04:08:03,"98,809,724","126,722,806","214,661,126","384,600","270,773","706,449",https://covid.gov.pk/
293,304,2022-03-03T04:08:01,"99,049,978","126,951,209","215,117,064","240,254","228,403","455,938",https://covid.gov.pk/
294,305,2022-03-04T04:07:55,"99,292,129","127,117,340","215,539,999","242,151","166,131","422,935",https://covid.gov.pk/
295,306,2022-03-05T04:07:39,"99,292,129","127,117,340","215,539,999","242,151","166,131","422,935",https://covid.gov.pk/
296,307,2022-03-06T04:07:46,"99,292,129","127,117,340","215,539,999","242,151","166,131","422,935",https://covid.gov.pk/
297,308,2022-03-07T04:08:09,"100,163,961","127,532,069","216,932,641","326,979","121,025","478,042",https://covid.gov.pk/
298,309,2022-03-08T04:09:41,"100,163,961","127,532,069","216,932,641","326,979","121,025","478,042",https://covid.gov.pk/
299,310,2022-03-09T04:08:01,"100,912,956","127,811,729","218,051,079","449,443","114,369","606,457",https://covid.gov.pk/
300,311,2022-03-10T04:08:45,"101,379,429","127,942,647","218,689,769","466,473","130,918","638,690",https://covid.gov.pk/
301,312,2022-03-11T04:08:29,"101,881,176","128,074,138","219,368,557","501,747","131,491","678,788",https://covid.gov.pk/
302,313,2022-03-12T04:08:22,"101,881,176","128,074,138","219,368,557","501,747","131,491","678,788",https://covid.gov.pk/
303,314,2022-03-13T04:08:56,"101,881,176","128,074,138","219,368,557","501,747","131,491","678,788",https://covid.gov.pk/
304,315,2022-03-14T04:09:48,"101,881,176","128,074,138","219,368,557","501,747","131,491","678,788",https://covid.gov.pk/
305,316,2022-03-15T04:08:53,"101,881,176","128,074,138","219,368,557","501,747","131,491","678,788",https://covid.gov.pk/
306,317,2022-03-16T04:07:44,"101,881,176","128,074,138","219,368,557","501,747","131,491","678,788",https://covid.gov.pk/
307,318,2022-03-17T04:08:52,"101,881,176","128,074,138","219,368,557","501,747","131,491","678,788",https://covid.gov.pk/
308,319,2022-03-18T04:08:41,"101,881,176","128,074,138","219,368,557","501,747","131,491","678,788",https://covid.gov.pk/
309,320,2022-03-19T04:08:04,"101,881,176","128,074,138","219,368,557","501,747","131,491","678,788",https://covid.gov.pk/
310,321,2022-03-20T04:08:49,"101,881,176","128,074,138","219,368,557","501,747","131,491","678,788",https://covid.gov.pk/
311,322,2022-03-21T04:08:30,"101,881,176","128,074,138","219,368,557","501,747","131,491","678,788",https://covid.gov.pk/
312,323,2022-03-22T04:07:59,"101,881,176","128,074,138","219,368,557","501,747","131,491","678,788",https://covid.gov.pk/
313,324,2022-03-23T04:07:54,"101,881,176","128,074,138","219,368,557","501,747","131,491","678,788",https://covid.gov.pk/
314,325,2022-03-24T04:08:38,"101,881,176","128,074,138","219,368,557","501,747","131,491","678,788",https://covid.gov.pk/
315,326,2022-03-25T04:08:45,"101,881,176","128,074,138","219,368,557","501,747","131,491","678,788",https://covid.gov.pk/
316,327,2022-03-26T04:07:48,"101,881,176","128,074,138","219,368,557","501,747","131,491","678,788",https://covid.gov.pk/
317,328,2022-03-27T04:08:51,"101,881,176","128,074,138","219,368,557","501,747","131,491","678,788",https://covid.gov.pk/
318,329,2022-03-28T04:08:19,"101,881,176","128,074,138","219,368,557","501,747","131,491","678,788",https://covid.gov.pk/
319,330,2022-03-29T04:08:05,"101,881,176","128,074,138","219,368,557","501,747","131,491","678,788",https://covid.gov.pk/
320,331,2022-03-30T04:07:56,"101,881,176","128,074,138","219,368,557","501,747","131,491","678,788",https://covid.gov.pk/
321,332,2022-03-31T04:08:19,"101,881,176","128,074,138","219,368,557","501,747","131,491","678,788",https://covid.gov.pk/
322,333,2022-04-01T04:12:32,"101,881,176","128,074,138","219,368,557","501,747","131,491","678,788",https://covid.gov.pk/
323,334,2022-04-02T04:08:00,"115,771,018","132,208,776","237,931,825","810,458","348,226","1,185,003",https://covid.gov.pk/
324,335,2022-04-03T04:08:35,"116,722,308","132,512,814","239,170,762","950,955","304,038","1,238,037",https://covid.gov.pk/
325,336,2022-04-04T04:08:07,"118,170,880","132,995,362","241,011,518","538,114","178,214","666,238",https://covid.gov.pk/
326,337,2022-04-05T04:08:05,"118,442,490","133,101,120","241,387,373","271,305","105,758","375,855",https://covid.gov.pk/
327,338,2022-04-06T04:08:25,"118,705,950","133,183,382","241,735,116","263,457","82,262","347,743",https://covid.gov.pk/
328,339,2022-04-07T04:08:09,"118,959,863","133,262,671","242,070,768","253,913","79,289","335,652",https://covid.gov.pk/
329,340,2022-04-08T04:07:58,"119,272,347","133,353,828","242,473,429","312,484","91,157","402,661",https://covid.gov.pk/
330,341,2022-04-09T04:08:16,"119,541,673","133,428,979","242,821,360","269,268","75,151","347,931",https://covid.gov.pk/
331,342,2022-04-10T04:08:14,"119,748,634","133,511,565","243,111,622","206,961","82,586","290,262",https://covid.gov.pk/
332,343,2022-04-11T04:09:30,"119,771,164","133,526,662","243,150,094","22,530","15,097","38,472",https://covid.gov.pk/
333,344,2022-04-12T04:08:07,"119,960,320","133,593,531","243,416,068","190,156","66,869","265,974",https://covid.gov.pk/
334,345,2022-04-13T04:09:20,"120,094,937","133,648,252","243,618,172","134,617","54,721","202,104",https://covid.gov.pk/
335,346,2022-04-14T04:08:12,"120,246,974","133,700,569","243,800,641","114,127","52,317","182,469",https://covid.gov.pk/
336,347,2022-04-15T04:26:23,"120,356,354","133,754,050","243,978,732","109,380","53,481","178,091",https://covid.gov.pk/
337,348,2022-04-16T04:08:33,"120,479,239","133,808,425","244,175,493","122,885","54,375","196,761",https://covid.gov.pk/
338,349,2022-04-17T04:08:11,"120,589,371","133,858,835","244,354,132","110,132","50,410","178,639",https://covid.gov.pk/
339,350,2022-04-18T04:12:52,"120,589,371","133,858,835","244,354,132","110,132","50,410","178,639",https://covid.gov.pk/
340,351,2022-04-19T04:21:29,"120,721,865","133,916,484","244,568,232","132,494","57,649","214,100",https://covid.gov.pk/
341,352,2022-04-20T04:34:29,"120,838,237","133,965,057","244,761,947","116,372","48,573","193,715",https://covid.gov.pk/
342,353,2022-04-21T04:32:59,"120,936,554","134,009,159","244,920,963","98,317","44,102","159,016",https://covid.gov.pk/
343,354,2022-04-22T04:34:37,"121,045,166","134,053,614","245,094,738","108,612","44,455","173,775",https://covid.gov.pk/
344,355,2022-04-23T04:07:43,"121,135,201","134,096,674","245,242,604","90,035","43,060","147,866",https://covid.gov.pk/
345,356,2022-04-24T04:08:08,"121,234,326","134,138,393","245,392,645","99,125","41,719","150,041",https://covid.gov.pk/
346,357,2022-04-25T04:13:34,"121,234,326","134,138,393","245,392,645","99,125","41,719","150,041",https://covid.gov.pk/
347,358,2022-04-26T04:18:29,"121,346,021","134,181,416","245,569,444","111,695","43,023","176,799",https://covid.gov.pk/
348,359,2022-04-27T04:32:24,"121,429,258","134,214,841","245,702,246","83,237","33,425","132,802",https://covid.gov.pk/
349,360,2022-04-28T04:58:20,"121,519,673","134,243,630","245,838,488","90,415","28,789","136,318",https://covid.gov.pk/
350,361,2022-04-29T04:20:03,"121,609,853","134,274,386","245,974,507","90,301","30,847","136,215",https://covid.gov.pk/
351,362,2022-04-30T04:12:26,"121,677,887","134,295,087","246,074,202","68,034","20,701","99,695",https://covid.gov.pk/
352,363,2022-05-01T04:25:55,"121,757,972","134,313,917","246,181,059","80,085","18,830","106,857",https://covid.gov.pk/
353,364,2022-05-07T04:07:59,"121,833,235","134,325,948","246,288,892","75,263","12,031","107,833",https://covid.gov.pk/
354,365,2022-05-08T04:11:44,"121,931,215","134,365,662","246,442,655","97,980","39,714","153,763",https://covid.gov.pk/
355,366,2022-05-10T04:09:10,"122,098,130","134,446,624","246,682,202","146,375","66,762","239,547",https://covid.gov.pk/
356,367,2022-05-11T04:24:52,"122,215,848","134,504,257","246,919,325","117,718","57,633","202,383",https://covid.gov.pk/
357,368,2022-05-12T04:15:06,"122,309,854","134,538,493","247,081,524","94,006","34,236","162,199",https://covid.gov.pk/
358,369,2022-05-13T04:41:58,"122,404,120","134,565,776","247,231,861","94,266","27,283","150,337",https://covid.gov.pk/
359,370,2022-05-14T05:08:12,"122,498,034","134,611,716","247,400,115","93,914","45,940","168,254",https://covid.gov.pk/
360,371,2022-05-15T05:11:40,"122,533,390","134,642,345","247,488,620","75,356","30,629","128,505",https://covid.gov.pk/
361,372,2022-05-16T04:10:58,"122,564,999","134,654,327","247,532,519","31,609","11,982","43,899",https://covid.gov.pk/
362,373,2022-05-17T04:22:14,"122,608,328","134,674,536","247,622,545","43,329","20,209","90,026",https://covid.gov.pk/
363,374,2022-05-18T04:19:17,"122,652,106","134,695,280","247,724,542","43,778","20,744","101,997",https://covid.gov.pk/
364,375,2022-05-19T05:14:27,"122,712,856","134,723,589","247,841,528","60,450","28,134","116,511",https://covid.gov.pk/
365,376,2022-05-20T04:16:31,"122,807,098","134,782,057","248,071,034","94,242","58,468","229,506",https://covid.gov.pk/
366,377,2022-05-21T04:08:52,"122,855,087","134,816,525","248,223,934","47,989","34,468","152,900",https://covid.gov.pk/
367,378,2022-05-22T10:07:52,"122,901,010","134,851,479","248,370,902","45,923","34,954","146,968",https://covid.gov.pk/
368,379,2022-05-23T04:22:40,"122,912,764","134,857,883","248,429,799","11,754","6,404","58,897",https://covid.gov.pk/
369,380,2022-05-24T05:14:51,"122,949,702","134,883,060","248,516,807","36,938","25,177","87,008",https://covid.gov.pk/
370,381,2022-05-25T04:19:32,"122,994,771","134,912,345","248,672,457","45,069","29,285","155,650",https://covid.gov.pk/
371,382,2022-05-26T04:20:53,"123,024,964","134,943,768","248,775,528","30,193","31,423","103,071",https://covid.gov.pk/
372,383,2022-05-27T04:21:24,"123,064,636","134,980,836","248,932,085","39,672","37,068","156,557",https://covid.gov.pk/
373,384,2022-05-28T04:10:22,"123,094,415","135,004,492","249,044,829","29,779","23,656","112,744",https://covid.gov.pk/
374,385,2022-05-29T04:21:03,"123,128,282","135,030,016","249,153,531","33,867","25,524","108,702",https://covid.gov.pk/
375,386,2022-05-30T04:27:27,"123,130,892","135,033,321","249,173,732","2,610","3,305","20,201",https://covid.gov.pk/
376,387,2022-05-31T10:13:09,"123,130,892","135,033,231","249,173,732","2,610","3,305","20,201",https://covid.gov.pk/
377,388,2022-06-01T05:02:57,"123,207,371","135,092,327","249,380,176","43,905","33,304","95,623",https://covid.gov.pk/
378,389,2022-06-02T10:08:47,"123,242,700","135,115,549","249,458,952","35,329","23,222","78,776",https://covid.gov.pk/
379,390,2022-06-03T04:08:48,"123,279,040","135,139,203","249,539,017","36,340","23,654","80,065",https://covid.gov.pk/
380,391,2022-06-04T04:07:36,"123,311,587","135,161,044","249,612,361","32,547","21,841","73,344",https://covid.gov.pk/
381,392,2022-06-07T10:07:25,"123,436,931","135,237,105","249,944,086","91,168","55,149","251,818",https://covid.gov.pk/
382,393,2022-06-08T04:20:06,"123,554,340","135,309,713","250,685,074","117,409","72,611","740,988",https://covid.gov.pk/
383,394,2022-06-09T04:18:33,"123,685,543","135,405,935","251,485,438","131,203","96,219","800,364",https://covid.gov.pk/
384,395,2022-06-11T10:06:02,"123,885,770","135,547,751","252,923,261","92,667","64,881","710,752",https://covid.gov.pk/
385,396,2022-06-12T05:05:30,"123,974,589","135,622,060","253,637,188","88,819","74,309","713,927",https://covid.gov.pk/
386,397,2022-06-13T04:28:16,"124,047,329","135,687,705","254,300,020","72,740","65,645","662,832",https://covid.gov.pk/
387,398,2022-06-14T04:40:21,"124,146,250","135,769,376","255,066,207","98,921","81,671","766,187",https://covid.gov.pk/
388,399,2022-06-15T04:23:40,"124,240,869","135,844,758","255,799,491","94,619","75,382","733,284",https://covid.gov.pk/
389,400,2022-06-16T05:11:17,"124,342,276","135,926,474","256,546,646","101,407","81,716","747,155",https://covid.gov.pk/
390,401,2022-06-17T04:20:49,"124,433,592","135,998,848","257,234,758","91,316","72,374","688,112",https://covid.gov.pk/
391,402,2022-06-18T05:05:10,"124,539,559","136,065,930","257,955,368","105,967","67,082","720,610",https://covid.gov.pk/
392,403,2022-06-19T05:09:45,"124,633,798","136,132,226","258,680,119","94,239","66,296","724,751",https://covid.gov.pk/
393,404,2022-06-20T05:07:25,"124,721,404","136,187,729","259,286,753","87,606","55,503","606,634",https://covid.gov.pk/
394,405,2022-06-21T05:13:53,"124,870,023","136,252,640","259,993,241","148,619","64,911","706,488",https://covid.gov.pk/
395,406,2022-06-22T04:25:17,"125,047,598","136,328,865","260,941,098","177,575","76,225","947,857",https://covid.gov.pk/
396,407,2022-06-23T05:14:21,"125,250,104","136,422,713","261,989,280","202,506","93,848","1,048,182",https://covid.gov.pk/
397,408,2022-06-24T05:14:41,"125,457,486","136,515,497","263,166,081","207,382","92,784","1,176,801",https://covid.gov.pk/
398,409,2022-06-25T05:06:58,"125,639,654","136,594,182","264,171,024","182,168","78,685","1,004,943",https://covid.gov.pk/
399,410,2022-06-27T04:40:35,"126,004,745","136,754,791","266,158,823","162,895","71,212","965,578",https://covid.gov.pk/
400,411,2022-06-28T04:31:15,"126,198,933","136,867,773","267,200,445","194,188","112,982","1,041,622",https://covid.gov.pk/
401,412,2022-06-29T05:19:25,"126,385,289","136,961,847","268,206,710","186,356","94,074","1,006,265",https://covid.gov.pk/
402,413,2022-06-30T05:17:08,"126,553,053","137,038,813","269,192,190","167,764","76,966","985,480",https://covid.gov.pk/
403,414,2022-07-01T10:08:15,"126,718,132","137,108,516","270,168,135","165,079","69,703","975,945",https://covid.gov.pk/
404,415,2022-07-02T04:25:57,"126,863,819","137,177,325","270,801,545","145,687","68,809","633,410",https://covid.gov.pk/
405,416,2022-07-03T09:32:29,"127,001,622","137,246,872","271,705,085","137,803","69,547","903,540",https://covid.gov.pk/
406,417,2022-07-04T04:37:25,"127,105,292","137,291,287","272,421,480","103,670","44,415","716,395",https://covid.gov.pk/
407,418,2022-07-05T04:26:49,"127,262,916","137,369,525","273,365,003","157,624","78,238","943,523",https://covid.gov.pk/
408,419,2022-07-06T04:38:06,"127,421,505","137,436,739","274,354,445","158,589","67,214","989,442",https://covid.gov.pk/
409,420,2022-07-07T10:17:21,"127,590,195","137,503,769","275,382,626","168,690","67,030","1,028,181",https://covid.gov.pk/
410,421,2022-07-08T04:28:58,"127,590,195","137,503,769","275,382,626","168,690","67,030","1,028,181",https://covid.gov.pk/
411,422,2022-07-09T10:07:58,"127,898,408","137,624,954","277,363,524","134,655","51,315","910,987",https://covid.gov.pk/
412,423,2022-07-10T10:07:45,"127,969,680","137,652,762","277,816,514","71,272","27,808","452,990",https://covid.gov.pk/
413,424,2022-07-11T05:17:22,"127,969,680","137,652,762","277,816,514","71,272","27,808","452,990",https://covid.gov.pk/
414,425,2022-07-12T10:07:54,"127,969,680","137,652,762","277,816,514","71,272","27,808","452,990",https://covid.gov.pk/
415,426,2022-07-13T04:25:23,"127,969,680","137,652,762","277,816,514","71,272","27,808","452,990",https://covid.gov.pk/
416,427,2022-07-14T10:08:52,"128,040,853","137,686,155","278,150,849","71,173","33,393","334,335",https://covid.gov.pk/
417,428,2022-07-15T10:07:39,"128,114,044","137,719,583","278,587,073","73,191","33,428","436,224",https://covid.gov.pk/
418,429,2022-07-16T04:18:16,"128,194,865","137,755,272","279,073,146","80,821","35,689","486,073",https://covid.gov.pk/
419,430,2022-07-17T04:23:53,"128,275,677","137,788,368","279,555,528","80,812","33,096","482,382",https://covid.gov.pk/
420,431,2022-07-18T05:22:50,"128,275,677","137,788,368","279,555,528","80,812","33,096","482,382",https://covid.gov.pk/
421,432,2022-07-19T04:58:23,"128,372,947","137,824,854","280,058,377","97,270","36,486","502,849",https://covid.gov.pk/
422,433,2022-07-20T04:29:11,"128,442,166","137,850,645","280,530,307","69,219","25,791","471,930",https://covid.gov.pk/
423,434,2022-07-21T04:32:10,"128,517,278","137,879,120","281,037,412","75,112","28,475","507,105",https://covid.gov.pk/
424,435,2022-07-22T05:19:09,"128,582,065","137,905,993","281,510,344","64,787","26,873","472,932",https://covid.gov.pk/
425,436,2022-07-23T10:07:28,"128,647,209","137,931,533","281,952,221","65,144","25,540","441,877",https://covid.gov.pk/
426,437,2022-07-24T05:12:02,"128,695,341","137,952,508","282,359,744","48,132","20,975","407,523",https://covid.gov.pk/
427,438,2022-07-25T10:08:20,"128,695,341","137,952,508","282,359,744","48,132","20,975","407,523",https://covid.gov.pk/
428,439,2022-07-26T04:59:19,"128,811,317","137,997,368","282,862,538","115,976","44,860","502,794",https://covid.gov.pk/
429,440,2022-07-27T04:41:29,"128,903,077","138,038,292","283,344,562","91,760","40,924","482,024",https://covid.gov.pk/
430,441,2022-07-28T04:31:49,"128,991,362","138,077,084","283,822,258","88,285","38,792","477,696",https://covid.gov.pk/
431,442,2022-07-29T04:38:34,"129,080,769","138,119,856","284,289,911","89,407","42,772","467,653",https://covid.gov.pk/
432,443,2022-07-30T04:28:26,"129,175,355","138,162,755","284,762,973","94,586","42,899","473,062",https://covid.gov.pk/
433,444,2022-07-31T04:24:11,"129,271,041","138,206,755","285,218,897","95,686","44,000","455,924",https://covid.gov.pk/
434,445,2022-08-02T10:07:44,"129,420,281","138,258,094","285,721,847","149,240","51,339","502,950",https://covid.gov.pk/
435,446,2022-08-03T04:53:55,"129,536,789","138,302,611","286,203,079","116,508","44,517","481,232",https://covid.gov.pk/
436,447,2022-08-04T04:32:36,"129,643,159","138,350,932","286,651,460","106,370","48,321","448,381",https://covid.gov.pk/
437,448,2022-08-05T04:34:31,"129,747,931","138,397,253","287,099,572","104,772","46,321","448,112",https://covid.gov.pk/
438,449,2022-08-06T04:13:23,"129,842,897","138,441,823","287,508,923","94,966","44,570","409,351",https://covid.gov.pk/
439,450,2022-08-07T05:06:50,"129,921,311","138,476,803","287,848,376","78,414","34,980","339,453",https://covid.gov.pk/
440,451,2022-08-08T05:14:22,"129,921,311","138,476,803","287,848,376","78,414","34,980","339,453",https://covid.gov.pk/
441,452,2022-08-09T10:09:09,"129,921,311","138,476,803","287,848,376","78,414","34,980","339,453",https://covid.gov.pk/
442,453,2022-08-10T04:09:03,"129,921,311","138,476,803","287,848,376","78,414","34,980","339,453",https://covid.gov.pk/
443,454,2022-08-11T04:15:18,"130,069,746","138,563,296","288,276,753","148,435","86,493","428,377",https://covid.gov.pk/
444,455,2022-08-12T04:20:53,"130,069,746","138,563,296","288,276,753","148,435","86,493","428,377",https://covid.gov.pk/
445,456,2022-08-17T04:58:39,"130,469,551","138,765,195","289,889,380","70,385","33,868","292,243",https://covid.gov.pk/
446,457,2022-08-18T04:53:30,"130,540,653","138,807,949","290,178,938","71,102","42,754","289,558",https://covid.gov.pk/
447,458,2022-08-19T10:08:16,"130,610,642","138,849,674","290,463,528","69,989","41,725","284,590",https://covid.gov.pk/
448,459,2022-08-20T05:10:50,"130,683,960","138,890,498","290,735,732","73,318","40,824","272,204",https://covid.gov.pk/
449,460,2022-08-21T04:23:17,"130,752,685","138,925,794","291,013,209","68,725","35,296","277,477",https://covid.gov.pk/
450,461,2022-08-22T05:01:04,"130,752,685","138,925,794","291,013,209","68,725","35,296","277,477",https://covid.gov.pk/
451,462,2022-08-23T05:12:28,"130,818,728","138,959,473","291,223,187","66,043","33,679","209,978",https://covid.gov.pk/
452,463,2022-08-24T05:04:58,"130,867,849","138,985,638","291,411,247","49,121","26,165","188,060",https://covid.gov.pk/
453,464,2022-08-25T05:11:51,"130,914,206","139,008,069","291,581,697","46,357","22,431","170,450",https://covid.gov.pk/
454,465,2022-08-26T05:18:17,"130,958,324","139,030,380","291,747,444","44,118","22,311","165,747",https://covid.gov.pk/
455,466,2022-08-27T05:23:26,"130,958,324","139,030,380","291,747,444","44,118","22,311","165,747",https://covid.gov.pk/
456,467,2022-08-28T04:47:50,"131,011,824","139,058,045","292,026,285","26,571","13,150","147,633",https://covid.gov.pk/
457,468,2022-08-30T05:23:12,"131,049,385","139,077,082","292,197,505","37,561","19,037","171,220",https://covid.gov.pk/
458,469,2022-08-31T05:24:52,"131,079,442","139,092,204","292,374,201","30,057","15,122","176,696",https://covid.gov.pk/
459,470,2022-09-01T05:07:20,"131,116,836","139,109,870","292,563,934","37,394","17,666","189,733",https://covid.gov.pk/
460,471,2022-09-02T05:18:59,"131,158,124","139,136,030","292,751,294","41,288","26,160","187,360",https://covid.gov.pk/
461,472,2022-09-03T10:08:35,"131,202,811","139,165,861","292,929,459","44,687","29,831","178,165",https://covid.gov.pk/
462,473,2022-09-04T10:07:54,"131,233,589","139,177,409","293,089,022","30,778","11,548","159,563",https://covid.gov.pk/
463,474,2022-09-08T10:08:57,"131,310,880","139,208,845","293,584,492","20,559","8,910","164,695",https://covid.gov.pk/
464,475,2022-09-09T05:06:34,"131,335,070","139,217,644","293,755,473","24,190","8,799","170,981",https://covid.gov.pk/
465,476,2022-09-10T05:07:35,"131,356,214","139,226,303","293,921,139","21,144","8,659","165,666",https://covid.gov.pk/
466,477,2022-09-11T04:58:25,"131,376,279","139,234,358","294,088,477","20,065","8,055","167,338",https://covid.gov.pk/
467,478,2022-09-12T10:09:33,"131,376,279","139,234,358","294,088,477","20,065","8,055","167,338",https://covid.gov.pk/
468,479,2022-09-13T05:22:01,"131,401,320","139,246,077","294,267,054","25,041","11,719","178,577",https://covid.gov.pk/
469,480,2022-09-14T10:09:24,"131,422,065","139,257,426","294,446,387","20,745","11,349","179,333",https://covid.gov.pk/
470,481,2022-09-15T05:16:10,"131,441,771","139,267,049","294,628,130","19,706","9,623","181,743",https://covid.gov.pk/
471,482,2022-09-16T10:09:07,"131,461,875","139,277,589","294,812,167","20,104","10,540","184,037",https://covid.gov.pk/
472,483,2022-09-17T05:33:07,"131,461,875","139,277,589","294,812,167","20,104","10,540","184,037",https://covid.gov.pk/
473,484,2022-09-18T05:01:23,"131,497,738","139,295,195","295,146,024","16,107","7,542","157,482",https://covid.gov.pk/
474,485,2022-09-19T05:22:12,"131,497,738","139,295,195","295,146,024","16,107","7,542","157,482",https://covid.gov.pk/
475,486,2022-09-20T05:18:48,"131,511,122","139,301,744","295,289,137","13,381","6,549","143,110",https://covid.gov.pk/
476,487,2022-09-21T05:19:58,"131,540,738","139,316,517","295,464,617","29,616","14,773","175,480",https://covid.gov.pk/
477,488,2022-09-22T05:14:48,"131,561,665","139,327,569","295,621,332","20,927","11,052","156,715",https://covid.gov.pk/
478,489,2022-09-23T05:17:57,"131,581,381","139,336,665","295,790,466","19,716","9,096","169,134",https://covid.gov.pk/
479,490,2022-09-24T10:08:17,"131,601,108","139,346,529","295,951,588","19,727","9,864","161,122",https://covid.gov.pk/
480,491,2022-09-25T10:08:41,"131,619,868","139,356,535","296,111,530","18,760","10,006","159,942",https://covid.gov.pk/
481,492,2022-09-26T10:09:43,"131,619,868","139,356,535","296,111,530","18,760","10,006","159,942",https://covid.gov.pk/
482,493,2022-09-27T05:12:01,"131,641,804","139,366,586","296,277,432","21,936","10,051","165,902",https://covid.gov.pk/
483,494,2022-10-01T10:08:47,"131,708,311","139,394,287","296,880,485","14,571","5,918","142,403",https://covid.gov.pk/
484,495,2022-10-05T10:59:00,"131,752,559","139,412,678","297,293,206","12,905","5,624","133,052",https://covid.gov.pk/
485,496,2022-10-06T04:32:33,"131,765,986","139,418,295","297,422,383","13,427","5,617","129,177",https://covid.gov.pk/
486,497,2022-10-08T10:08:47,"131,791,561","139,428,452","297,672,072","12,117","4,784","120,603",https://covid.gov.pk/
487,498,2022-10-09T10:09:02,"131,801,962","139,432,456","297,783,703","10,401","4,004","111,631",https://covid.gov.pk/
488,499,2022-10-11T10:11:07,"131,816,168","139,438,501","297,906,741","14,206","6,045","123,038",https://covid.gov.pk/
489,500,2022-10-12T10:11:58,"131,829,040","139,443,281","298,025,656","12,872","4,780","118,915",https://covid.gov.pk/
490,501,2022-10-18T05:22:08,"131,883,922","139,466,142","298,565,145","10,908","3,911","102,317",https://covid.gov.pk/
491,502,2022-10-19T05:22:51,"131,899,209","139,473,075","298,683,617","15,287","6,933","118,472",https://covid.gov.pk/
492,503,2022-10-20T04:54:18,"131,910,809","139,477,506","298,793,045","11,600","4,431","109,428",https://covid.gov.pk/
493,504,2022-10-21T04:56:43,"131,946,102","139,497,405","298,941,643","35,293","19,899","148,598",https://covid.gov.pk/
494,505,2022-10-24T10:15:32,"139,504,966","131,965,126","299,145,367","9,991","3,860","102,313",https://covid.gov.pk/
495,506,2022-10-25T05:25:04,"131,975,702","139,509,455","299,242,724","10,576","4,489","97,357",https://covid.gov.pk/
496,507,2022-10-28T04:36:35,"131,975,702","139,509,455","299,242,724","10,576","4,489","97,357",https://covid.gov.pk/
497,508,2022-11-01T10:07:52,"132,032,118","139,532,638","299,807,553","11,831","4,742","99,855",https://covid.gov.pk/
498,509,2022-11-02T10:09:54,"132,043,627","139,537,074","299,905,652","11,509","4,436","98,099",https://covid.gov.pk/
499,510,2022-11-03T10:09:00,"132,055,696","139,541,376","300,004,711","12,069","4,302","99,059",https://covid.gov.pk/
500,511,2022-11-04T10:09:27,"132,066,860","139,545,478","300,102,845","11,164","4,102","98,134",https://covid.gov.pk/
501,512,2022-11-05T10:08:42,"132,077,329","139,549,436","300,198,277","10,469","3,958","95,432",https://covid.gov.pk/
502,513,2022-11-07T04:32:17,"132,087,386","139,553,382","300,290,727","10,057","3,946","92,450",https://covid.gov.pk/
503,514,2022-11-08T10:09:17,"132,098,951","139,558,129","300,395,620","11,565","4,747","104,893",https://covid.gov.pk/
504,515,2022-11-10T04:29:28,"132,108,639","139,562,013","300,497,274","9,688","3,884","101,654",https://covid.gov.pk/
505,516,2022-11-11T04:26:39,"132,120,328","139,566,638","300,602,631","11,689","4,625","105,357",https://covid.gov.pk/
506,517,2022-11-13T10:07:56,"132,138,764","139,573,757","300,798,574","10,013","3,828","101,184",https://covid.gov.pk/
507,518,2022-11-14T10:09:38,"132,138,764","139,573,757","300,798,574","10,013","3,828","101,184",https://covid.gov.pk/
508,519,2022-11-15T04:13:10,"132,150,809","139,578,380","300,908,543","12,045","4,623","109,969",https://covid.gov.pk/
509,520,2022-11-16T04:14:45,"132,160,621","139,581,997","301,017,439","9,812","3,617","108,896",https://covid.gov.pk/
510,521,2022-11-17T05:08:15,"131,984,422","139,513,725","301,048,100","4,058","1,504","30,661",https://covid.gov.pk/
511,522,2022-11-18T05:07:43,"132,169,217","139,584,810","301,078,608","4,538","1,309","30,508",https://covid.gov.pk/
512,523,2022-11-21T04:16:12,"132,176,811","139,587,475","301,116,542","4,308","1,382","19,765",https://covid.gov.pk/
513,524,2022-11-22T04:09:54,"132,208,520","139,599,826","301,236,601","31,709","12,351","120,059",https://covid.gov.pk/
514,525,2022-11-23T10:08:14,"132,217,698","139,603,412","301,330,369","9,178","3,586","93,768",https://covid.gov.pk/
515,526,2022-11-28T04:09:16,"132,253,252","139,616,936","301,702,088","8,030","3,160","86,893",https://covid.gov.pk/
516,527,2022-11-29T04:09:03,"132,263,581","139,621,679","301,792,035","10,329","4,743","89,947",https://covid.gov.pk/
517,528,2022-11-30T10:08:25,"132,271,095","139,625,531","301,870,637","7,514","3,852","78,602",https://covid.gov.pk/
518,529,2022-12-01T05:07:40,"132,278,468","139,628,133","301,954,054","7,373","2,602","83,417",https://covid.gov.pk/
519,530,2022-12-05T10:08:40,"132,294,876","139,634,721","302,158,649","4,721","1,871","61,921",https://covid.gov.pk/
520,531,2022-12-07T05:06:59,"132,307,790","139,640,459","302,298,172","4,909","2,493","67,213",https://covid.gov.pk/
521,532,2022-12-08T05:07:38,"132,312,946","139,642,573","302,365,965","5,156","2,114","67,793",https://covid.gov.pk/
522,533,2022-12-09T05:06:22,"132,317,738","139,644,465","302,427,642","4,792","1,892","61,677",https://covid.gov.pk/
