date,confirmed,recoveries,deaths,screening,excluded,yesterday_confirmed,yesterday_excluded,yesterday_screening
2021-05-19 03:09:19.796393,2533,1133,14,297484,265558,275,12403,null
2021-05-20 10:10:31.954599,2825,1133,15,297484,265558,275,12403,null
2021-05-21 14:19:22.156775,2825,1133,15,315592,280916,295,15358,18144
2021-05-21 10:11:17.784320,3139,1133,15,315592,280916,295,15358,18144
2021-05-22 04:20:34.781796,3139,1133,15,337455,298513,315,17597,21932
2021-05-22 10:11:38.809409,3862,1133,15,337455,298513,315,17597,21932
2021-05-23 04:25:52.799010,3862,1133,17,351999,312689,723,14176,14568
2021-05-23 10:10:35.247359,4322,1133,23,351999,312689,723,14176,14568
2021-05-24 04:19:03.611014,4322,1133,23,364911,325070,460,12381,12959
2021-05-24 10:26:57.129539,4917,1133,29,364911,325070,460,12381,12959
2021-05-25 04:44:36.036807,4917,1133,29,388453,340438,595,15368,23608
2021-05-25 10:31:19.716197,5456,1133,35,388453,340438,595,15368,23608
2021-05-26 04:55:34.801068,5456,1133,35,413389,359139,544,18701,25005
2021-05-26 10:35:32.895051,6091,1133,46,413389,359139,544,18701,25005
2021-05-27 05:07:28.028160,6091,1133,46,434840,381735,635,41297,21634
2021-05-27 10:44:52.741519,6761,1133,59,434840,381735,635,41297,21634
2021-05-28 05:36:51.762162,6761,1133,59,455198,397534,671,15799,20512
2021-05-28 10:50:58.464228,7315,1133,78,455198,397534,671,15799,20512
2021-05-29 06:02:18.093229,7315,1133,78,470287,426915,557,29381,15190
2021-05-29 10:52:32.964684,7806,1133,99,470287,426915,557,29381,15190
2021-05-30 05:45:17.179514,7806,1133,99,492142,454051,493,27136,21986
2021-05-30 10:52:16.770048,8160,1133,109,492142,454051,493,27136,21986
2021-05-31 05:50:10.124324,8160,1133,109,502354,466018,355,11967,10267
2021-05-31 10:58:29.308929,8511,1133,124,502354,466018,355,11967,10267
2021-06-01 06:11:36.008310,8511,1133,124,522816,488696,351,22678,20533
2021-06-01 11:04:45.205041,8842,1133,137,522816,488696,351,22678,20533
2021-06-02 06:09:56.169307,8842,1133,137,551478,524385,332,35689,28735
2021-06-02 11:28:25.480090,9389,1133,149,551478,524385,332,35689,28735
2021-06-03 05:50:21.652734,9389,1133,149,578935,556055,549,31670,27963
2021-06-03 11:01:26.594188,9974,1133,166,578935,556055,549,31670,27963
2021-06-04 05:41:33.846345,9974,1133,166,606921,585272,585,29217,29583
2021-06-04 11:17:08.826507,10446,1133,187,606921,585272,585,29217,29583
2021-06-05 05:23:41.916605,10446,1133,187,636500,614742,474,29470,30025
2021-06-05 10:52:54.857412,10956,1133,224,636500,614742,474,29470,30025
2021-06-06 05:16:42.929877,10956,1133,224,656768,634762,511,20020,20388
2021-06-06 10:52:00.068659,11298,1133,260,656768,634762,511,20020,20388
2021-06-07 05:48:26.482235,11298,1133,260,671160,648841,343,14079,14447
2021-06-07 11:11:57.554003,11491,1133,286,671160,648841,343,14079,14447
2021-06-08 04:57:01.822621,11491,1133,286,698373,675836,214,26995,27332
2021-06-08 11:40:00.364932,11694,1133,308,698373,675836,214,26995,27332
2021-06-09 04:42:26.220461,11694,1133,308,739818,717076,219,41240,41662
2021-06-10 04:37:51.269225,11968,1133,333,769990,746817,275,29741,30228
2021-06-10 10:21:45.251084,12222,1133,361,769990,746817,275,29741,30228
2021-06-11 04:25:06.131551,12222,1133,361,804931,781334,266,34517,35017
2021-06-11 10:20:52.756653,12500,1133,385,804931,781334,266,34517,35017
2021-06-12 04:23:12.464799,12500,1133,385,845113,821956,287,40622,40260
2021-06-12 10:20:03.298305,12746,1133,411,845113,821956,287,40622,40260
2021-06-13 04:23:05.519703,12746,1133,411,869247,846797,251,24841,24702
2021-06-13 10:20:14.846491,12921,1133,437,869247,846797,251,24841,24702
2021-06-14 04:23:56.360900,12921,1133,437,886014,863703,175,16906,17094
2021-06-14 10:20:47.604203,13106,1133,452,886014,863703,175,16906,17094
2021-06-15 04:24:01.082570,13106,1133,452,903676,881495,185,17792,17701
2021-06-15 10:20:29.005549,13241,460,903676,881495,185,17792,17701
2021-06-16 04:23:49.105034,13241,460,937150,914861,135,33366,33721
2021-06-16 10:21:03.530150,13409,478,937150,914861,135,33366,33721
2021-06-17 04:23:29.442610,13409,478,973215,951005,170,36144,36175
2021-06-17 10:20:57.112853,13584,497,973215,951005,170,36144,36175
2021-06-18 04:23:16.783858,13584,497,1011097,993010,175,42005,37929
2021-06-18 10:20:55.184844,13771,518,1011097,993010,175,42005,37929
2021-06-19 04:23:34.865606,13771,518,1044211,1028898,188,35888,33232
2021-06-19 10:20:13.890537,13896,538,1044211,1028898,188,35888,33232
2021-06-20 04:23:36.269856,13896,538,1063890,1048326,128,19428,19720
2021-06-20 10:20:14.826950,14005,549,1063890,1048326,128,19428,19720
2021-06-21 04:23:45.590084,14005,549,1077415,1061624,109,13298,13565
2021-06-21 10:20:44.140386,14080,569,1077415,1061624,109,13298,13565
2021-06-22 04:23:40.203693,14080,569,1107543,1091972,75,30348,30155
2021-06-22 10:20:32.684504,14157,575,1107543,1091972,75,30348,30155
2021-06-23 04:21:41.258928,14157,575,1148916,1133240,79,41268,41399
2021-06-23 10:20:39.838963,14260,599,1148916,1133240,79,41268,41399
2021-06-24 04:14:24.477392,14260,599,1180033,1164226,104,30986,31161
2021-06-24 10:20:56.728371,14389,605,1180033,1164226,104,30986,31161
2021-06-25 04:23:35.808419,14389,605,1213717,1197732,130,33506,34324
2021-06-25 10:20:34.452820,14465,610,1213717,1197732,130,33506,34324
2021-06-26 04:23:31.703176,14465,610,1243683,1227748,76,30016,29591
2021-06-26 10:21:10.982911,14545,623,1243683,1227748,76,30016,29591
2021-06-27 04:23:16.188279,14545,623,1266904,1250863,80,23115,23248
2021-06-27 10:19:59.288559,14634,632,1266904,1250863,80,23115,23248
2021-06-28 04:23:50.211390,14634,632,1282057,1265704,89,14841,15165
2021-06-28 10:20:29.619881,14694,635,1282057,1265704,89,14841,15165
2021-06-29 04:23:35.155334,14694,635,1311961,1295813,60,30109,30188
2021-06-29 10:20:17.525175,14748,643,1311961,1295813,60,30109,30188
2021-06-30 04:23:40.453924,14748,643,1347513,1331329,54,35516,35404
2021-06-30 10:20:40.638447,14804,648,1347513,1331329,54,35516,35404
2021-07-01 04:23:46.766178,14804,648,1379630,1363405,56,32076,32180
2021-07-01 10:20:12.812089,14853,661,1379630,1363405,56,32076,32180
2021-07-02 04:23:33.048179,14853,661,1411572,1395446,50,32041,31988
2021-07-02 10:20:00.347873,14911,676,1411572,1395446,50,32041,31988
2021-07-03 04:23:06.336550,14911,676,1437283,1420997,58,25551,25782
2021-07-03 10:19:27.515914,14991,686,1437283,1420997,58,25551,25782
2021-07-04 04:23:28.418516,14991,686,1459913,1442937,80,21940,22666
2021-07-04 10:19:39.178264,15030,688,1459913,1442937,80,21940,22666
2021-07-05 04:23:32.123522,15030,688,1472827,1455971,39,13024,12924
2021-07-05 10:20:16.861619,15061,689,1472827,1455971,39,13024,12924
2021-07-06 04:23:10.360510,15061,689,1503584,1487019,31,31048,30770
2021-07-06 10:20:00.309065,15088,706,1503584,1487019,31,31048,30770
2021-07-07 04:23:36.769420,15088,706,1532252,1515985,29,28966,28720
2021-07-07 10:20:55.508883,15128,715,1532252,1515985,29,28966,28720
2021-07-08 04:23:25.518032,15128,715,1541974,1525372,40,9387,9755
2021-07-08 10:20:31.489852,15149,718,1541974,1525372,40,9387,9755
2021-07-09 04:23:42.625073,15149,718,1582844,1566436,21,41064,40644
2021-07-09 10:20:07.785652,15185,730,1582844,1566436,21,41064,40644
2021-07-10 04:23:46.221412,15185,730,1606389,1589769,36,23333,23616
2021-07-10 10:19:28.168682,15218,736,1606389,1589769,36,23333,23616
2021-07-11 04:23:28.876458,15218,736,1625351,1608702,33,18933,18978
2021-07-11 10:19:32.298097,15249,740,1625351,1608702,33,18933,18978
2021-07-12 04:24:03.157501,15249,740,1639921,1622834,31,14132,14585
2021-07-12 10:20:21.232308,15273,741,1639921,1622834,31,14132,14585
2021-07-13 04:23:26.961767,15273,741,1661153,1644686,24,21852,21260
2021-07-13 10:20:15.305428,15302,747,1661153,1644686,24,21852,21260
2021-07-14 04:23:46.282633,15302,747,1686311,1669801,29,25115,25179
2021-07-14 10:20:21.502321,15328,753,1686311,1669801,29,25115,25179
2021-07-15 04:23:47.858327,15328,753,1707362,1690141,27,20340,21072
2021-07-15 10:20:49.078385,15346,759,1707362,1690141,27,20340,21072
2021-07-16 04:23:55.995641,15346,759,1727787,1710974,18,20833,20450
2021-07-16 10:20:20.213715,15378,763,1727787,1710974,18,20833,20450
2021-07-17 04:23:47.670190,15378,763,1747750,1730746,32,19772,19997
2021-07-17 10:19:50.721078,15390,764,1747750,1730746,32,19772,19997
2021-07-18 04:23:36.346546,15390,764,1765532,1747814,12,17068,17802
2021-07-18 10:19:47.765656,15408,768,1765532,1747814,12,17068,17802
2021-07-19 04:24:58.790405,15408,768,1778511,1761879,18,14065,12995
2021-07-19 10:20:41.812456,15429,769,1778511,1761879,18,14065,12995
2021-07-20 04:24:07.475176,15429,769,1801538,1784759,21,22880,23196
2021-07-20 10:20:23.967636,15453,773,1801538,1784759,21,22880,23196
2021-07-21 04:24:15.541896,15453,773,1828036,1811528,24,25589,26518
2021-07-21 10:20:12.569265,15478,778,1828036,1811528,24,25589,26518
2021-07-22 04:24:13.074047,15478,778,1852658,1835679,25,24151,24647
2021-07-22 10:20:27.785892,15511,782,1852658,1835679,25,24151,24647
2021-07-23 04:24:40.468448,15511,782,1875313,1859164,33,23485,22681
2021-07-23 10:20:41.415965,15535,784,1875313,1859164,33,23485,22681
2021-07-24 04:23:49.097026,15535,784,1894957,1878146,24,18982,19662
2021-07-24 10:19:41.567415,15558,786,1894957,1878146,24,18982,19662
2021-07-25 04:23:40.726623,15558,786,1911604,1895377,25,17231,16673
2021-07-25 10:19:56.324956,15571,786,1911604,1895377,25,17231,16673
2021-07-26 04:24:11.297870,15571,786,1924661,1907614,13,12237,13072
2021-07-26 10:35:10.121720,15582,786,1924661,1907614,13,12237,13072
2021-07-27 04:21:54.785280,15582,786,1948640,1932430,11,24816,23993
2021-07-27 10:20:16.097463,15599,787,1948640,1932430,11,24816,23993
2021-07-28 04:24:13.116803,15599,787,1975087,1958568,17,26138,26463
2021-07-28 10:20:54.274011,15619,787,1975087,1958568,17,26138,26463
2021-07-29 04:24:16.622623,15619,787,1998284,1981309,20,22741,23220
2021-07-29 10:20:03.932680,15637,787,1998284,1981309,20,22741,23220
2021-07-30 04:24:20.304101,15637,787,2021090,2004528,18,23219,22819
2021-07-30 10:20:05.925875,15662,787,2021090,2004528,18,23219,22819
2021-07-31 04:24:04.715312,15662,787,2043204,2026126,25,21598,22136
2021-07-31 10:19:34.416182,15674,787,2043204,2026126,25,21598,22136
2021-08-01 04:23:58.033846,15674,787,2063516,2046258,12,20132,20326
2021-08-01 10:20:11.392991,15688,789,2063516,2046258,12,20132,20326
2021-08-02 04:23:45.107010,15688,789,2078019,2060458,14,14200,14520
2021-08-02 10:20:15.139301,15702,789,2078019,2060458,14,14200,14520
2021-08-03 04:23:42.539248,15702,789,2101038,2083962,14,23504,23034
2021-08-03 10:22:48.978255,15721,791,2101038,2083962,14,23504,23034
2021-08-04 04:24:10.955119,15721,791,2128419,2111269,19,27307,27400
2021-08-04 10:20:18.897080,15742,791,2128419,2111269,19,27307,27400
2021-08-05 04:24:26.652785,15742,791,2152917,2135371,21,24102,24520
2021-08-05 10:21:06.205596,15753,791,2152917,2135371,21,24102,24520
2021-08-06 04:24:10.976850,15753,791,2170926,2153856,11,18485,18025
2021-08-06 10:20:20.628010,15765,794,2170926,2153856,11,18485,18025
2021-08-07 04:23:45.254898,15765,794,2191907,2174487,12,20631,21003
2021-08-07 10:19:14.279976,15775,806,2191907,2174487,12,20631,21003
2021-08-08 04:23:29.479968,15775,806,2208224,2191057,10,16570,16325
2021-08-08 10:19:35.554835,15782,809,2208224,2191057,10,16570,16325
2021-08-09 04:23:52.441703,15782,809,2221156,2204067,7,13010,12938
2021-08-09 10:20:34.645333,15790,813,2221156,2204067,7,13010,12938
2021-08-10 04:23:55.362340,15790,813,2243540,2226482,8,22415,22457
2021-08-10 10:20:16.300841,15798,814,2243540,2226482,8,22415,22457
2021-08-11 04:23:56.742403,15798,814,2268145,2251025,8,24543,24620
2021-08-11 10:21:59.941828,15814,816,2268145,2251025,8,24543,24620
2021-08-12 04:23:43.371229,15814,816,2289602,2272067,16,21042,21487
2021-08-12 10:20:09.057306,15820,817,2289602,2272067,16,21042,21487
2021-08-13 04:24:12.204938,15820,817,2309241,2292428,6,20361,19625
2021-08-13 10:20:07.184079,15836,819,2309241,2292428,6,20361,19625
2021-08-14 04:23:36.451166,15836,819,2330539,2312858,18,20430,21309
2021-08-14 10:19:36.891809,15843,821,2330539,2312858,18,20430,21309
2021-08-15 04:23:41.761005,15843,821,2348221,2331010,7,18152,17692
2021-08-15 10:19:31.717595,15852,821,2348221,2331010,7,18152,17692
2021-08-16 04:23:40.449426,15852,821,2361186,2343668,9,12658,12972
2021-08-16 10:20:41.429651,15862,821,2361186,2343668,9,12658,12972
2021-08-17 04:24:54.674759,15862,821,2382988,2365884,10,22216,22216
2021-08-17 10:20:23.816342,15880,821,2382988,2365884,10,22216,22216
2021-08-18 04:24:09.617871,15880,821,2407073,2389646,18,23762,24092
2021-08-18 10:20:35.617201,15891,821,2407073,2389646,18,23762,24092
2021-08-19 04:23:53.682266,15891,821,2429464,2411951,11,22305,22401
2021-08-19 10:20:29.100745,15897,826,2429464,2411951,11,22305,22401
2021-08-20 04:25:30.766121,15897,826,2450350,2433271,6,21320,20894
2021-08-20 10:20:21.028916,15906,827,2450350,2433271,6,21320,20894
2021-08-21 04:23:36.824748,15906,827,2472606,2455074,9,21803,22261
2021-08-21 10:19:46.590495,15916,828,2472606,2455074,9,21803,22261
2021-08-22 04:23:50.587905,15916,828,2489074,2471769,10,16695,16473
2021-08-22 10:19:37.347022,15926,828,2489074,2471769,10,16695,16473
2021-08-23 04:24:04.903158,15926,828,2502861,2485203,10,13434,13791
2021-08-23 10:20:33.405107,15932,828,2502861,2485203,10,13434,13791
2021-08-24 04:24:09.901416,15932,828,2524269,2507456,6,22253,21417
2021-08-24 10:20:34.950723,15938,829,2524269,2507456,6,22253,21417
2021-08-25 04:24:01.979382,15938,829,2548825,2531924,6,24468,24567
2021-08-25 10:21:42.039937,15939,830,2548825,2531924,6,24468,24567
2021-08-26 04:24:09.522271,15939,830,2573538,2556336,1,24412,24724
2021-08-26 10:20:46.881727,15947,832,2573538,2556336,1,24412,24724
2021-08-27 04:23:48.790707,15947,832,2596704,2579632,8,23296,23171
2021-08-27 10:20:15.358297,15954,833,2596704,2579632,8,23296,23171
2021-08-28 04:23:37.530238,15954,833,2618184,2600433,7,20801,21488
2021-08-28 10:19:43.519687,15960,833,2618184,2600433,7,20801,21488
2021-08-29 04:23:28.081524,15960,833,2637402,2619709,6,19276,19223
2021-08-29 10:19:44.034320,15983,834,2637402,2619709,6,19276,19223
2021-08-30 04:23:50.814717,15983,834,2651089,2633030,23,13321,13689
2021-08-30 10:20:22.950039,15991,834,2651089,2633030,23,13321,13689
2021-08-31 04:23:46.207826,15991,834,2677839,2660833,8,27803,26757
2021-08-31 10:20:20.928967,15995,835,2677839,2660833,8,27803,26757
2021-09-01 04:24:19.231578,15995,835,2707449,2690627,4,29794,29616
2021-09-01 10:20:30.710006,16001,836,2707449,2690627,4,29794,29616
2021-09-02 04:24:07.244520,16001,836,2733767,2716052,6,25425,26324
2021-09-05 04:23:49.125786,16013,837,2801846,2784487,1,23120,22489
2021-09-05 10:19:42.799317,16019,837,2801846,2784487,1,23120,22489
2021-09-06 04:24:18.112130,16019,837,2819374,2801429,6,16942,17529
2021-09-06 10:21:25.153121,16035,837,2819374,2801429,6,16942,17529
2021-09-07 04:23:54.465604,16035,837,2849565,2832159,16,30730,30194
2021-09-07 10:20:23.637563,16047,837,2849565,2832159,16,30730,30194
2021-09-08 04:24:08.294765,16047,837,2881111,2864293,12,32134,31566
2021-09-08 10:20:58.673530,16056,837,2881111,2864293,12,32134,31566
2021-09-09 04:24:16.796935,16056,837,2911463,2894136,9,29843,30360
2021-09-09 10:20:34.657421,16062,838,2911463,2894136,9,29843,30360
2021-09-10 04:24:16.312331,16062,838,2938839,2921268,6,27132,27401
2021-09-10 10:20:17.257086,16069,839,2938839,2921268,6,27132,27401
2021-09-11 04:24:12.284423,16069,839,2965908,2948529,7,27261,27081
2021-09-11 10:19:33.734715,16074,839,2965908,2948529,7,27261,27081
2021-09-12 04:24:08.079352,16074,839,2991387,2973728,5,25199,25537
2021-09-12 10:19:32.442481,16088,839,2991387,2973728,5,25199,25537
2021-09-13 04:24:12.515911,16088,839,3005313,2988645,14,14917,13934
2021-09-13 10:20:44.873570,16093,839,3005313,2988645,14,14917,13934
2021-09-14 04:23:43.003773,16093,839,3028468,3011399,5,22754,23187
2021-09-14 10:20:05.315805,16098,839,3028468,3011399,5,22754,23187
2021-09-15 04:23:44.097060,16098,839,3057142,3039848,5,28449,28694
2021-09-15 10:20:05.599685,16103,839,3057142,3039848,5,28449,28694
2021-09-16 04:22:17.232146,16103,839,3082957,3065218,5,25370,25833
2021-09-16 10:20:32.830500,16115,839,3082957,3065218,5,25370,25833
2021-09-17 04:23:41.999298,16115,839,3104233,3086845,12,21627,21292
2021-09-17 10:20:22.490045,16123,839,3104233,3086845,12,21627,21292
2021-09-18 04:23:26.265275,16123,839,3127179,3109042,8,22197,22983
2021-09-18 10:19:21.251866,16129,839,3127179,3109042,8,22197,22983
2021-09-19 04:23:30.823504,16129,839,3142093,3124360,6,15318,14918
2021-09-19 10:19:47.490907,16141,840,3142093,3124360,6,15318,14918
2021-09-20 04:23:55.791513,16141,840,3154941,3137397,12,13037,12857
2021-09-20 10:20:19.396285,16147,840,3154941,3137397,12,13037,12857
2021-09-21 04:25:17.017590,16147,840,3173829,3156928,6,19531,18894
2021-09-21 10:19:53.610941,16152,840,3173829,3156928,6,19531,18894
2021-09-22 04:23:39.790288,16152,840,3191134,3173736,5,16808,17315
2021-09-22 10:20:08.536313,16159,841,3191134,3173736,5,16808,17315
2021-09-23 04:24:20.375410,16159,841,3216611,3199476,7,25740,25486
2021-09-23 10:20:41.549533,16168,841,3216611,3199476,7,25740,25486
2021-09-24 04:23:41.639617,16168,841,3241201,3223684,9,24208,24612
2021-09-24 10:20:29.913974,16176,841,3241201,3223684,9,24208,24612
2021-09-25 04:23:35.728185,16176,841,3267405,3249272,8,25588,26213
2021-09-25 10:19:33.194228,16181,841,3267405,3249272,8,25588,26213
2021-09-26 04:23:36.693627,16181,841,3289349,3271665,5,22393,21947
2021-09-26 10:19:39.879763,16189,841,3289349,3271665,5,22393,21947
2021-09-27 04:24:45.156065,16189,841,3305433,3287506,8,15841,16091
2021-09-27 10:20:38.176873,16198,842,3305433,3287506,8,15841,16091
2021-09-28 04:24:43.377622,16198,842,3329815,3312650,9,25144,24389
2021-09-28 10:20:15.095991,16205,842,3329815,3312650,9,25144,24389
2021-09-29 04:24:02.466023,16205,842,3358228,3341439,7,28789,28418
2021-09-29 10:20:24.236926,16216,842,3358228,3341439,7,28789,28418
2021-09-30 04:23:47.078554,16216,842,3383403,3365810,11,24371,25166
2021-09-30 10:20:32.011123,16223,842,3383403,3365810,11,24371,25166
2021-10-01 04:24:55.339883,16223,842,3404562,3387120,7,21310,21068
2021-10-01 10:20:37.168198,16234,843,3404562,3387120,7,21310,21068
2021-10-02 04:23:49.496927,16234,843,3426479,3408719,11,21599,21921
2021-10-02 10:20:00.543140,16244,843,3426479,3408719,11,21599,21921
2021-10-03 04:23:45.240462,16244,843,3445789,3428390,10,19315,19671
2021-10-03 10:19:53.975029,16250,843,3445789,3428390,10,19315,19671
2021-10-04 04:24:11.551765,16250,843,3460241,3442726,6,14336,14462
2021-10-04 10:20:33.428676,16255,844,3460241,3442726,6,14336,14462
2021-10-05 04:24:16.563204,16255,844,3482953,3466041,5,23315,22718
2021-10-05 10:20:16.993956,16262,844,3482953,3466041,5,23315,22718
2021-10-06 04:23:42.924295,16262,844,3507972,3490728,7,24687,25022
2021-10-06 10:20:10.892601,16267,844,3507972,3490728,7,24687,25022
2021-10-07 04:24:25.792136,16267,844,3531025,3513361,5,22633,23058
2021-10-07 10:20:29.954334,16271,844,3531025,3513361,5,22633,23058
2021-10-08 04:23:56.165810,16271,844,3551518,3534092,4,20731,20497
2021-10-08 10:20:32.395910,16283,845,3551518,3534092,4,20731,20497
2021-10-09 04:23:54.721612,16283,845,3571519,3553809,12,19717,19983
2021-10-09 10:19:50.870148,16287,846,3571519,3553809,12,19717,19983
2021-10-10 04:23:54.243633,16287,846,3590010,3572076,4,19717,18267
2021-10-10 10:19:36.021900,16294,846,3590010,3572076,4,19717,18267
2021-10-11 04:23:59.297402,16294,846,3602515,3585122,7,13046,12506
2021-10-11 10:21:06.225248,16305,846,3602515,3585122,7,13046,12506
2021-10-12 04:24:19.114319,16305,846,3619373,3601737,11,16615,16862
2021-10-12 10:20:33.989188,16309,846,3619373,3601737,11,16615,16862
2021-10-13 04:24:20.408211,16309,846,3644206,3627283,4,25546,24837
2021-10-13 10:20:20.803748,16313,846,3644206,3627283,4,25546,24837
2021-10-14 04:24:13.204121,16313,846,3667605,3650319,4,23036,23403
2021-10-14 10:20:29.701178,16321,846,3667605,3650319,4,23036,23403
2021-10-15 04:24:19.626413,16321,846,3687649,3670437,8,20118,20046
2021-10-15 10:20:38.253059,16325,846,3687649,3670437,8,20118,20046
2021-10-16 04:23:59.988394,16325,846,3707857,3689950,4,19513,20211
2021-10-16 10:20:06.181316,16336,846,3707857,3689950,4,19513,20211
2021-10-17 04:24:05.187342,16336,846,3725628,3707076,11,17126,17775
2021-10-17 10:19:57.381604,16337,846,3725628,3707076,11,17126,17775
2021-10-18 04:24:16.236374,16337,846,3737829,3718498,1,11422,12203
2021-10-19 04:24:12.133290,16337,846,3760750,3743687,0,25189,22927
2021-10-19 10:21:01.956663,16343,846,3760750,3743687,0,25189,22927
2021-10-20 04:24:31.804440,16115,839,3082957,3065218,5,25370,25833
2021-10-20 05:16:51.937895,16343,846,3781738,3764827,6,21140,20991
2021-10-20 10:20:40.247106,16347,846,3781738,3764827,6,21140,20991
2021-10-21 04:25:09.314803,16115,839,3082957,3065218,5,25370,25833
2021-10-21 05:16:41.516930,16347,846,3801349,3783802,4,18975,19611
2021-10-21 10:21:13.654009,16349,846,3801349,3783802,4,18975,19611
2021-10-22 04:24:48.421098,16349,846,3818297,3801502,2,17700,16952
2021-10-22 10:20:50.600464,16357,846,3818297,3801502,2,17700,16952
2021-10-23 04:24:09.521596,16357,846,3836775,3819174,8,17672,18481
2021-10-23 10:19:56.967889,16364,846,3836775,3819174,8,17672,18481
2021-10-24 04:24:24.247727,16364,846,3852641,3835095,7,15921,15870
2021-10-24 10:20:11.851245,16368,846,3852641,3835095,7,15921,15870
2021-10-25 04:24:39.258407,16368,846,3862914,3845556,4,10461,10275
2021-10-26 04:24:26.856341,16376,847,3879987,3862477,8,16921,17081
2021-10-26 10:21:00.874737,16380,847,3879987,3862477,8,16921,17081
2021-10-27 04:24:39.675885,16380,847,3899810,3882803,4,20326,19828
2021-10-27 10:20:57.703321,16388,847,3899810,3882803,4,20326,19828
2021-10-28 04:24:34.959939,16388,847,3918787,3901422,8,18619,18980
2021-10-28 10:20:56.145560,16394,847,3918787,3901422,8,18619,18980
2021-10-29 04:24:47.059159,16394,847,3935711,3918276,6,16854,16961
2021-10-29 10:21:17.849562,16399,847,3935711,3918276,6,16854,16961
2021-10-30 04:24:06.212942,16399,847,3953747,3935604,5,17328,18037
2021-10-30 10:20:00.262013,16406,847,3953747,3935604,5,17328,18037
2021-10-31 04:24:33.392126,16406,847,3969644,3951901,7,16297,15898
2021-10-31 10:20:29.790567,16412,847,3969644,3951901,7,16297,15898
2021-11-01 04:24:58.798562,16412,847,3981004,3962640,6,10739,11363
2021-11-01 10:21:26.101966,16417,847,3981004,3962640,6,10739,11363
2021-11-02 04:24:57.153017,16417,847,4001733,3984278,5,21638,20733
2021-11-02 10:20:53.270585,16421,847,4001733,3984278,5,21638,20733
2021-11-03 04:24:44.012540,16421,847,4022866,4005367,4,21089,21135
2021-11-03 10:20:42.199312,16428,847,4022866,4005367,4,21089,21135
2021-11-04 04:24:42.936532,16428,847,4041662,4024164,7,18797,18797
2021-11-04 10:20:54.481641,16430,847,4041662,4024164,7,18797,18797
2021-11-05 04:24:47.455130,16430,847,4058655,4040892,2,16728,16997
2021-11-05 10:20:52.828893,16437,847,4058655,4040892,2,16728,16997
2021-11-06 04:24:34.899787,16437,847,4077222,4059292,7,18400,18568
2021-11-06 10:20:16.494395,16438,847,4077222,4059292,7,18400,18568
2021-11-07 04:24:30.281155,16115,839,3082957,3065218,5,25370,25833
2021-11-07 05:16:43.039063,16438,847,4093712,4075118,2,15826,16510
2021-11-07 10:20:18.388206,16442,847,4093712,4075118,2,15826,16510
2021-11-08 04:25:02.775338,16442,847,4104940,4086462,4,11344,11231
2021-11-08 10:21:36.780011,16445,847,4104940,4086462,4,11344,11231
2021-11-09 04:24:59.419566,16445,847,4122554,4104900,3,18438,17615
2021-11-09 10:21:01.373179,16451,848,4122554,4104900,3,18438,17615
2021-11-10 04:25:19.264289,16451,848,4141250,4124074,6,19174,18697
2021-11-10 10:21:06.586580,16456,848,4141250,4124074,6,19174,18697
2021-11-11 04:24:53.523834,16456,848,4158324,4140882,5,16808,17074
2021-11-11 10:20:52.082756,16465,848,4158324,4140882,5,16808,17074
2021-11-12 04:25:13.386945,16465,848,4173901,4156168,9,15286,15581
2021-11-12 10:21:04.784529,16475,848,4173901,4156168,9,15286,15581
2021-11-13 04:24:54.473397,16475,848,4190369,4172536,10,16368,16469
2021-11-13 10:20:34.031308,16479,848,4190369,4172536,10,16368,16469
2021-11-14 04:24:47.502174,16479,848,4204877,4187224,4,14688,14508
2021-11-14 10:20:34.495494,16487,848,4204877,4187224,4,14688,14508
2021-11-15 04:25:06.183645,16487,848,4214628,4197177,8,9953,9752
2021-11-15 10:21:17.928044,16496,848,4214628,4197177,8,9953,9752
2021-11-16 04:25:07.482130,16496,848,4233503,4215865,9,18688,18881
2021-11-16 10:21:15.348557,16498,848,4233503,4215865,9,18688,18881
2021-11-17 04:25:18.796674,16498,848,4253041,4235333,2,19468,19538
2021-11-17 10:21:08.716893,16503,848,4253041,4235333,2,19468,19538
2021-11-18 04:25:01.749992,16503,848,4270506,4252832,5,17499,17466
2021-11-19 04:25:05.670272,16506,848,4286175,4268229,3,15397,15669
2021-11-19 10:21:03.918991,16516,848,4286175,4268229,3,15397,15669
2021-11-20 04:24:59.031305,16516,848,4302507,4284291,10,16062,16320
2021-11-20 10:20:19.815385,16520,848,4302507,4284291,10,16062,16320
2021-11-21 04:25:10.399641,16520,848,4310870,4292189,4,7898,8366
2021-11-21 10:20:29.669671,16529,848,4310870,4292189,4,7898,8366
2021-11-22 04:25:30.608678,16529,848,4329722,4311443,9,19254,18853
2021-11-22 10:21:13.835389,16532,848,4329722,4311443,9,19254,18853
2021-11-23 04:25:15.761030,16532,848,4344910,4327506,3,16063,15189
2021-11-23 10:20:59.924195,16539,848,4344910,4327506,3,16063,15189
2021-11-24 04:25:17.579438,16539,848,4362664,4345303,7,17797,17756
2021-11-24 10:21:07.451797,16544,848,4362664,4345303,7,17797,17756
2021-11-25 04:25:40.687710,16544,848,4379297,4361713,5,16410,16634
2021-11-25 10:20:59.256780,16554,848,4379297,4361713,5,16410,16634
2021-11-26 04:25:17.543064,16554,848,4394659,4376567,10,14854,15362
2021-11-26 10:21:32.596408,16566,848,4394659,4376567,10,14854,15362
2021-11-27 04:24:53.919507,16566,848,4411374,4393040,12,16473,16721
2021-11-27 10:20:23.333654,16578,848,4411374,4393040,12,16473,16721
2021-11-28 04:24:45.351915,16578,848,4426033,4407812,12,14772,14660
2021-11-28 10:20:51.903116,16588,848,4426033,4407812,12,14772,14660
2021-11-29 04:25:33.504435,16588,848,4431336,4413429,10,5617,5307
2021-11-29 05:17:52.056932,16588,848,4439574,4421667,10,13855,13545
2021-11-29 10:21:19.426015,16596,848,4439574,4421667,10,13855,13545
2021-11-30 04:21:14.000103,16596,848,4456652,4438954,8,17287,17079
2021-11-30 10:17:40.452620,16601,848,4456652,4438954,8,17287,17079
2021-12-01 04:25:52.391764,16601,848,4475425,4457677,5,18723,18789
2021-12-01 10:21:27.149152,16609,848,4475425,4457677,5,18723,18789
2021-12-02 04:25:27.015063,16609,848,4491850,4473526,8,15849,16430
2021-12-02 10:24:58.337692,16626,848,4491850,4473526,8,15849,16430
2021-12-03 04:25:32.581921,16626,848,4507035,4488710,17,15184,15185
2021-12-04 04:25:46.644635,16637,848,4523528,4504860,11,16150,16495
2021-12-04 10:20:37.420733,16648,848,4523528,4504860,11,16150,16495
2021-12-05 04:25:44.109645,16648,848,4536780,4518083,11,13223,13252
2021-12-05 10:20:39.941914,16652,848,4536780,4518083,11,13223,13252
2021-12-06 04:25:55.670752,16652,848,4546922,4528043,4,9960,10144
2021-12-06 10:21:42.802112,16662,848,4546922,4528043,4,9960,10144
2021-12-07 04:26:25.485692,16662,848,4565572,4547856,10,19813,18653
2021-12-07 10:23:09.037276,16683,848,4565572,4547856,10,19813,18653
2021-12-08 04:25:43.756825,16683,848,4583889,4566149,21,18293,18317
2021-12-08 10:21:37.867346,16688,848,4583889,4566149,21,18293,18317
2021-12-09 04:25:49.598998,16688,848,4600226,4582236,5,16087,16338
2021-12-09 10:21:50.018960,16704,848,4600226,4582236,5,16087,16338
2021-12-10 04:25:39.274296,16705,848,4615676,4597765,17,15529,15450
2021-12-10 10:21:32.618800,16721,848,4615676,4597765,17,15529,15450
2021-12-11 04:25:14.759691,16721,848,4632446,4614110,16,16345,16770
2021-12-11 10:20:38.135780,16731,848,4632446,4614110,16,16345,16770
2021-12-12 04:25:21.098809,16731,848,4646270,4628598,10,14488,13825
2021-12-12 10:20:44.099804,16737,848,4646270,4628598,10,14488,13825
2021-12-13 04:26:01.703994,16737,848,4657395,4639667,6,11069,11126
2021-12-13 10:21:44.143607,16742,848,4657395,4639667,6,11069,11126
2021-12-14 04:25:37.171332,16742,848,4672651,4655350,5,15683,15265
2021-12-14 10:21:41.601936,16752,848,4672651,4655350,5,15683,15265
2021-12-15 04:25:27.519440,16752,848,4690800,4672174,10,16824,18150
2021-12-15 10:21:34.630580,16759,849,4690800,4672174,10,16824,18150
2021-12-16 04:25:23.376813,16759,849,4710205,4689895,7,17721,19405
2021-12-16 10:20:59.129053,16771,849,4710205,4689895,7,17721,19405
2021-12-17 04:25:43.414355,16771,849,4729623,4709526,12,19631,19418
2021-12-17 10:21:15.441371,16786,849,4729623,4709526,12,19631,19418
2021-12-18 04:25:37.814015,16786,849,4747250,4727825,15,18299,17629
2021-12-18 10:21:12.000146,16799,849,4747250,4727825,15,18299,17629
2021-12-19 04:25:48.684803,16799,849,4763385,4744216,13,16391,16138
2021-12-19 10:20:50.387513,16805,850,4763385,4744216,13,16391,16138
2021-12-20 04:26:40.916989,16805,850,4774769,4756108,6,11892,11387
2021-12-20 10:22:12.964640,16816,850,4774769,4756108,6,11892,11387
2021-12-21 04:26:24.493132,16816,850,4794007,4775550,11,19442,19258
2021-12-21 10:21:58.766690,16826,850,4794007,4775550,11,19442,19258
2021-12-22 04:26:27.948551,16826,850,4813164,4794827,10,19277,19159
2021-12-22 10:21:51.070991,16840,850,4813164,4794827,10,19277,19159
2021-12-23 04:26:39.759082,16840,850,4829258,4810401,14,15574,16094
2021-12-23 10:21:51.692366,16853,850,4829258,4810401,14,15574,16094
2021-12-24 04:26:15.356949,16853,850,4844559,4825692,13,15291,15301
2021-12-24 10:21:55.914907,16873,850,4844559,4825692,13,15291,15301
2021-12-25 04:26:12.524288,16873,850,4860998,4841748,20,16056,16442
2021-12-25 10:20:55.572737,16891,850,4860998,4841748,20,16056,16442
2021-12-26 04:26:13.295397,16891,850,4873578,4853506,18,11758,12580
2021-12-26 10:21:10.316795,16915,850,4873578,4853506,18,11758,12580
2021-12-27 04:33:10.409351,16915,850,4884004,4864380,24,10874,10428
2021-12-27 10:22:03.376967,16931,850,4884004,4864380,24,10874,10428
2021-12-28 04:26:21.409917,16931,850,4901375,4882616,16,18236,17371
2021-12-28 10:21:58.813745,16950,850,4901375,4882616,16,18236,17371
2021-12-29 04:26:21.213892,16950,850,4917481,4898907,19,16291,16106
2021-12-29 10:21:52.272937,16964,850,4917481,4898907,19,16291,16106
2021-12-30 04:26:16.516308,16964,850,4932261,4912670,14,13763,14786
2021-12-30 10:21:42.028606,16988,850,4932261,4912670,14,13763,14786
2021-12-31 04:26:34.478489,16988,850,4946919,4927473,24,14803,14660
2021-12-31 10:21:28.896520,17029,850,4946919,4927473,24,14803,14660
2022-01-01 04:26:15.352808,17029,850,4961497,4942271,41,14798,14582
2022-01-01 10:20:54.042632,17050,850,4961497,4942271,41,14798,14582
2022-01-02 04:26:17.993423,17050,850,4972057,4951828,21,9557,10562
2022-01-02 10:20:57.870720,17070,850,4972057,4951828,21,9557,10562
2022-01-03 04:26:28.317859,17070,850,4982263,4962860,20,11032,10208
2022-01-03 10:22:15.399793,17095,850,4982263,4962860,20,11032,10208
2022-01-04 04:26:28.514322,17095,850,4998949,4979641,25,16781,16688
2022-01-04 10:21:57.230089,17129,850,4998949,4979641,25,16781,16688
2022-01-05 04:26:37.471578,17129,850,5017456,4998328,34,18687,18507
2022-01-05 10:21:44.950309,17155,850,5017456,4998328,34,18687,18507
2022-01-06 04:26:36.465418,17155,850,5036659,5016638,26,18300,19203
2022-01-06 10:22:09.155011,17198,850,5036659,5016638,26,18300,19203
2022-01-07 04:26:37.844501,17198,850,5055274,5035769,43,19131,18620
2022-01-07 10:22:54.306875,17258,850,5055274,5035769,43,19131,18620
2022-01-08 04:26:20.649270,17258,850,5074946,5055445,62,19676,19672
2022-01-08 10:21:23.416878,17302,850,5074946,5055445,62,19676,19672
2022-01-09 04:26:25.708576,17302,850,5095065,5075047,44,19602,20119
2022-01-09 10:21:53.728783,17362,850,5095065,5075047,44,19602,20119
2022-01-10 04:26:53.533799,17362,850,5119134,5099767,60,24720,24070
2022-01-10 10:22:43.387340,17393,850,5119134,5099767,60,24720,24070
2022-01-11 04:26:11.977386,17393,850,5137738,5118167,32,18400,18606
2022-01-11 10:23:01.532171,17463,850,5137738,5118167,32,18400,18606
2022-01-12 04:26:33.594105,17463,850,5164612,5145758,70,27591,26875
2022-01-12 10:22:22.324934,17559,850,5164612,5145758,70,27591,26875
2022-01-13 04:26:35.019491,17559,850,5187725,5168285,96,22527,23113
2022-01-13 10:21:52.143578,17624,851,5187725,5168285,96,22527,23113
2022-01-14 04:26:38.690883,17624,851,5210348,5190844,65,22559,22625
2022-01-14 10:22:20.077324,17692,851,5210348,5190844,65,22559,22625
2022-01-15 04:26:33.555119,17692,851,5233163,5213414,68,22570,22819
2022-01-15 10:21:34.650891,17769,851,5233163,5213414,68,22570,22819
2022-01-16 04:26:07.506395,17769,851,5257161,5236654,78,23240,23999
2022-01-16 10:21:30.509628,17820,851,5257161,5236654,78,23240,23999
2022-01-17 04:27:03.441881,17820,851,5278363,5258762,51,22108,21206
2022-01-17 10:22:29.221415,17885,851,5278363,5258762,51,22108,21206
2022-01-18 04:27:01.169336,17885,851,5306453,5287815,65,29053,28093
2022-01-18 10:22:30.227087,17951,851,5306453,5287815,65,29053,28093
2022-01-19 04:23:58.852130,17951,851,5336346,5317735,66,29920,29893
2022-01-19 10:19:46.043494,18005,851,5336346,5317735,66,29920,29893
2022-01-20 04:23:48.768497,18005,851,5363205,5344301,54,26566,26860
2022-01-20 10:19:57.042454,18041,851,5363205,5344301,54,26566,26860
2022-01-21 04:26:04.382281,18041,851,5394042,5375246,37,30945,30839
2022-01-21 10:19:58.926507,18109,851,5394042,5375246,37,30945,30839
2022-01-22 04:23:15.074293,18109,851,5418957,5400086,68,24840,24915
2022-01-22 10:19:28.825183,18238,851,5418957,5400086,68,24840,24915
2022-01-23 04:23:25.771200,18238,851,5441110,5422031,130,21945,22162
2022-01-23 10:19:33.708918,18325,851,5441110,5422031,130,21945,22162
2022-01-24 04:24:05.614360,18325,851,5463663,5444547,89,22516,22553
2022-01-24 10:19:56.076672,18376,851,5463663,5444547,89,22516,22553
2022-01-25 04:24:11.789139,18376,851,5501288,5482563,51,38016,37626
2022-01-25 10:20:26.521081,18411,851,5501288,5482563,51,38016,37626
2022-01-26 04:23:30.241275,18411,851,5542669,5523800,38,41237,41388
2022-01-26 10:20:29.989815,18503,851,5542669,5523800,38,41237,41388
2022-01-27 04:23:46.578846,18503,851,5581517,5562679,92,38879,38851
2022-01-27 10:19:54.493375,18566,851,5581517,5562679,92,38879,38851
2022-01-28 04:23:55.833449,18566,851,5613922,5594976,64,32297,32410
2022-01-28 10:20:48.511945,18634,851,5613922,5594976,64,32297,32410
2022-01-29 04:23:33.529802,18634,851,5640594,5621502,71,26526,26672
2022-01-29 10:18:49.054203,18681,851,5640594,5621502,71,26526,26672
2022-01-30 04:23:20.173799,18681,851,5659833,5640850,48,19348,19241
2022-01-30 10:18:36.467808,18735,851,5659833,5640850,48,19348,19241
2022-01-31 04:23:51.590356,18735,851,5673543,5654537,54,13687,13714
2022-01-31 10:20:06.246189,18790,851,5673543,5654537,54,13687,13714
2022-02-01 04:23:33.291816,18790,851,5684887,5665865,55,11328,11347
2022-02-01 10:20:39.083050,18850,851,5684887,5665865,55,11328,11347
2022-02-02 04:23:29.080264,18850,851,5694746,5675621,60,9756,9860
2022-02-02 10:19:57.322171,18903,851,5694746,5675621,60,9756,9860
2022-02-03 04:23:32.307795,18903,851,5706264,5687120,53,11499,11520
2022-02-03 10:19:27.507869,18958,851,5706264,5687120,53,11499,11520
2022-02-04 04:19:36.496395,18958,851,5719429,5699979,56,12859,13166
2022-02-04 10:16:43.408125,19029,851,5719429,5699979,56,12859,13166
2022-02-05 04:19:49.660409,19029,851,5736511,5717196,71,17217,17084
2022-02-05 10:16:19.318541,19101,851,5736511,5717196,71,17217,17084
2022-02-06 04:23:34.405613,19101,851,5756263,5736634,72,19438,19755
2022-02-06 10:19:14.315817,19144,851,5756263,5736634,72,19438,19755
2022-02-07 04:24:00.754738,19144,851,5775939,5756095,43,19461,19677
2022-02-07 10:19:56.284911,19192,851,5775939,5756095,43,19461,19677
2022-02-08 04:22:58.082045,19192,851,5816835,5797056,49,40961,40901
2022-02-08 10:20:04.361862,19239,851,5816835,5797056,49,40961,40901
2022-02-09 04:23:28.270064,19239,851,5856439,5836620,48,39564,39606
2022-02-09 10:20:09.338441,19293,851,5856439,5836620,48,39564,39606
2022-02-10 04:23:19.620819,19293,851,5889595,5869720,54,33100,33160
2022-02-10 10:20:08.970011,19376,851,5889595,5869720,54,33100,33160
2022-02-11 04:23:17.251992,19376,851,5918661,5898487,83,28767,29068
2022-02-11 10:19:48.948942,19455,851,5918661,5898487,83,28767,29068
2022-02-12 04:23:47.270385,19455,851,5944952,5924922,79,26435,26294
2022-02-12 10:18:24.336312,19515,851,5944952,5924922,79,26435,26294
2022-02-13 04:23:14.193056,19515,851,5968058,5947691,60,22769,23108
2022-02-13 10:18:49.554980,19567,851,5968058,5947691,60,22769,23108
2022-02-14 04:23:28.332980,19567,851,5990985,5970608,52,22917,22928
2022-02-14 10:20:01.646968,19621,851,5990985,5970608,52,22917,22928
2022-02-15 04:24:08.550493,19621,851,6019159,5998996,54,28388,28175
2022-02-15 10:20:12.590868,19666,852,6019159,5998996,54,28388,28175
2022-02-16 04:24:11.879971,19666,852,6052334,6032319,45,33323,33179
2022-02-16 10:21:22.926569,19732,852,6052334,6032319,45,33323,33179
2022-02-17 04:24:20.831635,19732,852,6080937,6060668,67,28349,28606
2022-02-17 10:20:29.150085,19797,852,6080937,6060668,67,28349,28606
2022-02-18 04:24:49.952824,19797,852,6108383,6088145,68,27477,27448
2022-02-18 10:21:07.572609,19864,852,6108383,6088145,68,27477,27448
2022-02-19 04:24:10.659655,19864,852,6130479,6110154,67,22009,22097
2022-02-19 10:19:47.981646,19937,852,6130479,6110154,67,22009,22097
2022-02-20 04:24:19.329143,19937,852,6152976,6132517,73,22363,22497
2022-02-20 10:19:42.539518,20007,852,6152976,6132517,73,22363,22497
2022-02-21 04:25:08.153583,20007,852,6166725,6146253,70,13736,13754
2022-02-21 10:21:39.579006,20056,852,6166725,6146253,70,13736,13754
2022-02-22 04:24:34.568545,20056,852,6192221,6171834,49,25581,25500
2022-02-22 10:21:23.492101,20100,852,6192221,6171834,49,25581,25500
2022-02-23 04:24:13.948918,20100,852,6216454,6196027,44,24193,24235
2022-02-23 10:21:04.610780,20156,852,6216454,6196027,44,24193,24235
2022-02-24 04:24:23.372194,20156,852,6236894,6216276,56,20249,20440
2022-02-24 10:21:01.932669,20236,852,6236894,6216276,56,20249,20440
2022-02-25 04:24:18.831282,20236,852,6255140,6234508,80,18232,18249
2022-02-25 10:21:13.786554,20304,853,6255140,6234508,80,18232,18249
2022-02-26 04:24:38.939695,20304,853,6277837,6257088,68,22580,22699
2022-02-26 10:20:00.384582,20373,853,6277837,6257088,68,22580,22699
2022-02-27 04:23:58.575067,20373,853,6294108,6273335,69,16247,16273
2022-02-27 10:20:13.576578,20433,853,6294108,6273335,69,16247,16273
2022-02-28 04:25:07.950655,20433,853,6307048,6286217,60,12882,12943
2022-02-28 10:21:39.547693,20489,853,6307048,6286217,60,12882,12943
2022-03-01 04:25:02.772278,20489,853,6328352,6307492,56,21275,21305
2022-03-01 10:21:31.315588,20533,853,6328352,6307492,56,21275,21305
2022-03-02 04:24:57.653525,20533,853,6353317,6332488,44,24996,24968
2022-03-02 10:21:17.447311,20582,853,6353317,6332488,44,24996,24968
2022-03-03 04:24:57.587132,20582,853,6375953,6354993,49,22505,22638
2022-03-03 10:21:24.684155,20653,853,6375953,6354993,49,22505,22638
2022-03-04 04:24:54.574521,20653,853,6396050,6375084,71,20091,20098
2022-03-04 10:21:16.547259,20717,853,6396050,6375084,71,20091,20098
2022-03-05 04:24:25.258766,20717,853,6416041,6395029,64,19945,19994
2022-03-05 10:20:05.101861,20797,853,6416041,6395029,64,19945,19994
2022-03-06 04:24:18.740035,20797,853,6438024,6417031,80,22002,21987
2022-03-06 10:20:05.716075,20840,853,6438024,6417031,80,22002,21987
2022-03-07 04:24:58.831430,20840,853,6453315,6432364,43,15333,15291
2022-03-07 10:21:24.339491,20869,853,6453315,6432364,43,15333,15291
2022-03-08 04:25:24.122617,20869,853,6475857,6454201,29,21837,22544
2022-03-08 10:21:18.406974,20922,853,6475857,6454201,29,21837,22544
2022-03-09 04:25:08.751930,20922,853,6493515,6471794,53,17593,17658
2022-03-10 04:25:17.771355,20999,853,6522572,6500669,77,28875,29058
2022-03-11 04:26:28.513622,21081,853,6543452,6521717,82,21048,20881
2022-03-11 10:21:59.728776,21163,853,6543452,6521717,82,21048,20881
2022-03-12 04:26:07.051376,21163,853,6565307,6543605,82,21888,21857
2022-03-12 10:20:41.349350,21225,853,6565307,6543605,82,21888,21857
2022-03-13 04:25:34.780045,21225,853,6585030,6563116,62,19511,19723
2022-03-13 10:20:13.090030,21288,853,6585030,6563116,62,19511,19723
2022-03-14 04:30:56.263874,21288,853,6598432,6576603,63,13487,13402
2022-03-14 10:22:07.879549,21363,853,6598432,6576603,63,13487,13402
2022-03-15 04:25:38.408997,21363,853,6625580,6603358,75,26755,27150
2022-03-15 10:22:20.712578,21402,853,6625580,6603358,75,26755,27150
2022-03-16 04:24:36.288360,21402,853,6650590,6628498,39,25140,25468
2022-03-16 10:20:43.904546,21492,853,6650590,6628498,39,25140,25468
2022-03-17 04:25:17.938854,21492,853,6671753,6649534,90,21036,21165
2022-03-17 10:21:47.299932,21583,853,6671753,6649534,90,21036,21165
2022-03-18 04:25:15.146156,16115,839,3082957,3065218,5,25370,25833
2022-03-18 05:17:53.162250,21583,853,6690787,6668696,91,19162,19036
2022-03-18 10:21:52.332037,21658,853,6690787,6668696,91,19162,19036
2022-03-19 04:24:39.615973,21658,853,6711183,6688929,75,20233,20397
2022-03-19 10:20:54.752916,21784,853,6711183,6688929,75,20233,20397
2022-03-20 04:25:14.310716,21784,853,6730659,6708278,126,19349,19477
2022-03-20 10:20:27.291935,21905,853,6730659,6708278,126,19349,19477
2022-03-21 04:25:09.676221,21905,853,6745556,6723157,121,14879,14899
2022-03-21 10:22:32.847747,22003,853,6745556,6723157,121,14879,14899
2022-03-22 04:25:15.187434,22003,853,6770235,6747918,98,24761,24686
2022-03-22 10:21:38.464167,22091,853,6770235,6747918,98,24761,24686
2022-03-23 04:24:59.055828,22091,853,6794228,6771704,89,23786,23996
2022-03-23 10:21:51.226042,22188,853,6794228,6771704,89,23786,23996
2022-03-24 04:25:53.388618,22188,853,6812424,6789715,97,18011,18197
2022-03-24 10:21:46.988785,22327,853,6812424,6789715,97,18011,18197
2022-03-25 04:26:09.468653,22327,853,6836408,6813729,139,24014,23987
2022-03-25 10:23:31.406582,22463,853,6836408,6813729,139,24014,23987
2022-03-26 04:24:38.371786,22463,853,6862770,6839724,136,25995,26362
2022-03-26 10:20:39.100924,22566,853,6862770,6839724,136,25995,26362
2022-03-27 04:25:20.605170,22566,853,6886221,6863204,103,23480,23452
2022-03-27 10:20:47.134491,22769,853,6886221,6863204,103,23480,23452
2022-03-28 04:25:13.239841,22769,853,6901246,6878045,203,14841,15027
2022-03-28 10:22:30.064982,22896,853,6901246,6878045,203,14841,15027
2022-03-29 04:25:19.948948,22896,853,6931880,6908650,127,30605,30638
2022-03-29 10:22:29.709327,22992,853,6931880,6908650,127,30605,30638
2022-03-30 04:25:26.011132,22992,853,6966983,6943537,96,34887,35107
2022-03-30 10:22:01.060388,23155,853,6966983,6943537,96,34887,35107
2022-03-31 04:25:38.452187,23155,853,6997665,6973938,163,30401,30684
2022-03-31 10:23:13.391340,23393,853,6997665,6973938,163,30401,30684
2022-04-01 04:27:30.933809,23393,853,7033816,7009862,239,35924,36153
2022-04-01 10:23:05.466188,23629,853,7033816,7009862,239,35924,36153
2022-04-02 04:25:14.560486,23629,853,7070119,7045581,236,35719,36304
2022-04-03 04:25:15.000294,24033,853,7098620,7074017,404,28436,28505
2022-04-04 04:25:12.620960,24312,853,7119738,7094874,280,20857,21120
2022-04-04 10:22:52.788854,24585,853,7119738,7094874,280,20857,21120
2022-04-05 04:25:12.766787,24585,853,7144956,7119959,275,25085,25223
2022-04-05 10:20:31.005854,24866,853,7144956,7119959,275,25085,25223
2022-04-06 04:25:26.732899,24866,853,7175001,7149504,281,29545,30050
2022-04-06 10:23:31.121436,25225,853,7175001,7149504,281,29545,30050
2022-04-07 04:25:46.042324,25225,853,7223935,7197836,359,48332,48938
2022-04-07 10:21:25.694429,25756,853,7223935,7197836,359,48332,48938
2022-04-08 04:25:24.244574,25756,853,7269750,7243042,531,45206,45819
2022-04-08 10:23:08.410701,26263,853,7269750,7243042,531,45206,45819
2022-04-09 04:25:39.226982,26263,853,7317662,7290468,507,47426,47916
2022-04-09 10:21:08.385086,26836,853,7317662,7290468,507,47426,47916
2022-04-10 04:25:11.849762,26836,854,7361864,7334278,578,43810,44205
2022-04-10 10:21:21.305806,27410,854,7361864,7334278,578,43810,44205
2022-04-11 04:26:40.191899,27410,854,7393751,7365394,575,31116,31890
2022-04-11 10:24:11.036869,28040,854,7393751,7365394,575,31116,31890
2022-04-12 04:25:29.207184,28040,854,7438164,7409246,630,43852,44415
2022-04-12 10:23:54.014407,28666,854,7438164,7409246,630,43852,44415
2022-04-13 04:27:10.283605,28666,854,7495983,7466086,663,56840,57825
2022-04-13 10:22:41.205926,29593,854,7495983,7466086,663,56840,57825
2022-04-14 04:24:16.537638,29593,854,7541156,7510160,933,44074,45183
2022-04-14 10:23:01.104109,30574,854,7541156,7510160,933,44074,45183
2022-04-15 04:39:26.940036,30574,854,7591631,7559513,982,49353,50483
2022-04-15 10:22:40.292244,31857,854,7591631,7559513,982,49353,50483
2022-04-16 04:26:01.286972,31857,854,7646789,7613265,1284,53752,55163
2022-04-16 10:22:48.273429,33205,854,7646789,7613265,1284,53752,55163
2022-04-17 04:25:28.593028,33205,854,7689094,7654241,1351,40976,42310
2022-04-17 10:21:29.177685,34507,854,7689094,7654241,1351,40976,42310
2022-04-18 04:29:01.401126,34507,854,7724748,7688405,1303,34164,35662
2022-04-18 10:23:32.645061,35983,854,7724748,7688405,1303,34164,35662
2022-04-19 04:38:24.563735,35983,854,7777985,7739719,1480,51314,53243
2022-04-19 10:25:15.875724,37710,856,7777985,7739719,1480,51314,53243
2022-04-20 04:51:28.420850,37710,856,7831697,7791199,1727,51480,53729
2022-04-20 10:23:07.699057,40186,856,7831697,7791199,1727,51480,53729
2022-04-21 04:49:48.177322,40186,856,7892915,7849302,2481,58103,61231
2022-04-21 10:24:14.461794,43243,856,7892915,7849302,2481,58103,61231
2022-04-22 04:51:40.723977,43243,856,7951754,7903776,3058,54474,58847
2022-04-22 10:24:08.389643,47100,856,7951754,7903776,3058,54474,58847
2022-04-23 04:25:18.298346,47100,856,8011272,7959488,3859,55712,59537
2022-04-23 10:22:18.726501,51298,856,8011272,7959488,3859,55712,59537
2022-04-24 04:25:59.192897,51298,856,8065698,8009048,4204,49560,54459
2022-04-24 10:21:58.962957,56468,856,8065698,8009048,4204,49560,54459
2022-04-25 04:29:40.131135,56468,856,8109514,8047085,5172,38037,43834
2022-04-26 04:33:55.512366,61686,856,8174134,8105057,5221,57972,64648
2022-04-26 10:24:51.644218,68022,856,8174134,8105057,5221,57972,64648
2022-04-27 04:49:00.936217,68022,856,8244479,8166125,6339,61068,70380
2022-04-27 10:24:01.748609,76938,858,8244479,8166125,6339,61068,70380
2022-04-28 05:07:06.995558,76938,858,8309027,8218899,8923,52774,64592
2022-04-28 10:23:10.716773,88446,860,8309027,8218899,8923,52774,64592
2022-04-29 04:35:52.168115,88446,860,8371328,8268779,11517,49880,62361
2022-04-29 10:21:53.506421,100753,860,8371328,8268779,11517,49880,62361
2022-04-30 04:28:18.638208,100753,862,8429657,8311873,12313,43094,58430
2022-04-30 10:21:50.052231,115883,862,8429657,8311873,12313,43094,58430
2022-05-01 04:39:00.138113,115883,865,8486964,8352658,15149,40785,57413
2022-05-01 10:22:45.858803,132955,868,8486964,8352658,15149,40785,57413
2022-05-02 04:55:30.825860,132955,868,8537162,8383732,17085,31074,50277
2022-05-02 10:25:21.932271,150808,871,8537162,8383732,17085,31074,50277
2022-05-03 04:35:21.165308,150808,871,8602849,8426123,17858,42391,65803
2022-05-03 10:26:50.511589,173942,876,8602849,8426123,17858,42391,65803
2022-05-04 04:34:33.528159,173942,876,8674722,8469484,23139,43361,72039
2022-05-04 10:23:46.528384,202418,881,8674722,8469484,23139,43361,72039
2022-05-05 04:37:36.037504,202418,881,8740450,8503984,28487,34500,66063
2022-05-05 10:23:25.931566,232402,886,8740450,8503984,28487,34500,66063
2022-05-06 04:26:57.516472,232402,886,8806655,8536695,30106,32711,66734
2022-05-06 10:27:31.462202,268569,896,8806655,8536695,30106,32711,66734
2022-05-07 04:25:48.953177,268569,896,8882852,8568101,36213,31406,76592
2022-05-07 10:22:40.742445,314983,907,8882852,8568101,36213,31406,76592
2022-05-08 04:27:39.891863,314983,907,8953831,8596952,46536,28851,73906
2022-05-08 10:22:41.788546,357271,919,8953831,8596952,46536,28851,73906
2022-05-09 04:34:55.150626,357271,919,9018466,8619519,44361,28851,65275
2022-05-09 10:24:06.950853,397504,919,9018466,8619519,44361,28851,65275
2022-05-10 04:27:04.006457,397504,931,9074309,8636383,40304,16864,55900
2022-05-10 10:23:35.465174,448323,943,9074309,8636383,40304,16864,55900
2022-05-11 04:41:36.135300,448323,943,9191841,8684461,50828,48078,117778
2022-05-11 10:24:53.334589,505455,951,9191841,8684461,50828,48078,117778
2022-05-12 04:34:20.544663,505455,951,9284358,8712480,57216,28019,92766
2022-05-12 10:26:12.778749,570870,968,9284358,8712480,57216,28019,92766
2022-05-13 04:59:11.721047,570870,968,9374088,8739409,65446,26929,90052
2022-05-13 10:24:49.731666,635870,968,9374088,8739409,65446,26929,90052
2022-05-14 05:24:11.810674,635870,1009,9464191,8765184,65011,25775,90622
2022-05-14 10:23:55.299282,699824,1049,9464191,8765184,65011,25775,90622
2022-05-15 04:30:45.081272,699824,1049,9558371,8786521,64041,21337,95193
2022-05-15 10:24:03.992217,768543,1068,9558371,8786521,64041,21337,95193
2022-05-16 04:32:19.374228,768543,1068,9633462,8803188,68769,16667,75258
2022-05-16 10:25:23.137931,830257,1097,9633462,8803188,68769,16667,75258
2022-05-17 04:36:37.496593,830257,1097,9729489,8830935,61754,27747,96838
2022-05-17 10:24:17.917348,896059,1135,9729489,8830935,61754,27747,96838
2022-05-18 04:34:38.720328,896059,1135,9841113,8857374,65833,26439,112623
2022-05-18 10:23:49.169262,981141,1176,9841113,8857374,65833,26439,112623
2022-05-19 04:37:00.492334,981141,1176,9956206,8881632,85356,24258,115769
2022-05-19 10:25:03.833985,1070561,1235,9956206,8881632,85356,24258,115769
2022-05-20 04:31:34.169464,1070561,1235,10063654,8904378,90378,22746,107914
2022-05-20 10:24:25.795697,1156291,1284,10063654,8904378,90378,22746,107914
2022-05-21 04:27:12.137060,1156291,1284,10171178,8926804,85761,22426,107778
2022-05-21 10:22:45.802722,1240897,1343,10171178,8926804,85761,22426,107778
2022-05-22 04:26:59.908472,1240897,1343,10270540,8946704,84639,19900,99586
2022-05-22 10:23:04.416810,1320371,1396,10270540,8946704,84639,19900,99586
2022-05-23 04:37:18.803764,1320371,1396,10351305,8960960,79487,14256,80932
2022-05-23 10:24:22.739338,1386640,1436,10351305,8960960,79487,14256,80932
2022-05-24 04:37:58.421714,1386640,1436,10453240,8987906,66283,26946,102324
2022-05-24 10:23:51.496473,1469019,1478,10453240,8987906,66283,26946,102324
2022-05-25 04:35:09.338633,1469019,1478,10570121,9016807,82435,28901,117191
2022-05-25 10:24:32.808647,1558380,1554,10570121,9016807,82435,28901,117191
2022-05-26 04:35:34.496425,1558380,1554,10677190,9039299,89389,22492,107360
2022-05-26 10:22:40.863427,1640271,1658,10677190,9039299,89389,22492,107360
2022-05-27 04:36:27.855115,1640271,1658,10789017,9059842,81907,20543,112284
2022-05-27 10:25:12.991025,1735067,1784,10789017,9059842,81907,20543,112284
2022-05-28 04:27:43.968287,1735067,1784,10899262,9080117,94855,20275,110736
2022-05-28 10:23:06.550387,1815703,1911,10899262,9080117,94855,20275,110736
2022-05-29 04:35:32.197711,1815703,1911,10991648,9096696,80881,16579,92721
2022-05-29 10:23:04.206886,1892272,2056,10991648,9096696,80881,16579,92721
2022-05-30 04:42:05.228916,1892272,2056,11058044,9109556,76605,12860,66692
2022-05-30 10:24:14.077055,1952355,2165,11058044,9109556,76605,12860,66692
2022-05-31 04:37:07.127941,1952355,2165,11161945,9132564,60103,23008,104355
2022-05-31 10:25:33.233062,2032983,2255,11161945,9132564,60103,23008,104355
2022-06-01 05:15:22.703221,2032983,2255,11268682,9154046,80705,21482,107096
2022-06-01 10:29:31.330615,2121231,2377,11268682,9154046,80705,21482,107096
2022-06-02 04:51:24.989221,2121231,2377,11366748,9171464,88293,17418,98329
2022-06-02 10:25:30.568632,2198161,2521,11366748,9171464,88293,17418,98329
2022-06-03 04:25:41.410771,2198161,2521,11459220,9189517,76986,18053,92759
2022-06-03 10:24:31.425482,2274666,2663,11459220,9189517,76986,18053,92759
2022-06-04 04:24:07.470081,2274666,2663,11541783,9203202,76564,13685,82640
2022-06-04 10:20:11.555395,2342794,22815,11541783,9203202,76564,13685,82640
2022-06-05 04:23:49.178424,2342794,2815,11616037,9217657,68151,14455,74347
2022-06-05 10:20:03.578317,2404871,2939,11626097,9218989,68151,15787,84420
2022-06-06 04:34:35.368966,2404871,2939,11692165,9231093,62110,12104,66123
2022-06-06 10:25:06.880996,2457881,3090,11692165,9231093,62110,12104,66123
2022-06-07 04:34:51.419812,2457881,3090,11795491,9252303,53023,21210,103440
2022-06-07 10:23:04.799100,2540871,3214,11795491,9252303,53023,21210,103440
2022-06-08 04:33:54.882860,2540871,3214,11896536,9272960,83027,20657,101258
2022-06-08 10:22:50.351789,2620941,3373,11896536,9272960,83027,20657,101258
2022-06-09 04:33:02.341314,2620941,3373,11988984,9292016,80223,19056,92624
2022-06-09 10:24:34.639620,2693787,3584,11988984,9292016,80223,19056,92624
2022-06-10 04:28:52.676517,2693787,3584,12074379,9309106,72967,17090,85488
2022-06-10 10:22:31.846383,2762080,3797,12074379,9309106,72967,17090,85488
2022-06-11 04:25:47.980760,2762080,3797,12144125,9326304,68347,17198,69792
2022-06-11 10:20:31.805776,2841696,4008,12184747,9326301,68347,17195,110417
2022-06-12 04:27:39.237758,2841696,4008,12237337,9342699,79663,16398,52917
2022-06-12 10:20:28.044848,2892263,4171,12237337,9342699,79663,16398,52917
2022-06-13 04:42:55.988136,2892263,4171,12294824,9353700,50657,11001,57529
2022-06-13 10:24:11.549770,2937363,4280,12294824,9353700,50657,11001,57529
2022-06-14 04:54:50.999370,2937363,4280,12379514,9374140,45110,20440,84757
2022-06-14 10:25:18.775706,3003501,4403,12379514,9374140,45110,20440,84757
2022-06-15 04:37:34.951186,3003501,4403,12467209,9392379,66189,18239,87764
2022-06-15 10:22:56.001256,3072432,4546,12467209,9392379,66189,18239,87764
2022-06-16 04:36:27.346883,3072432,4546,12550511,9410508,68965,18129,83399
2022-06-16 10:22:50.803084,3135565,4714,12550511,9410508,68965,18129,83399
2022-06-17 04:36:27.533899,3135565,4714,12622602,9427808,63221,17300,72141
2022-06-17 10:22:39.789877,3190787,4868,12622602,9427808,63221,17300,72141
2022-06-18 04:27:37.972871,3190787,4868,12692040,9443761,55261,15953,69504
2022-06-18 10:20:40.331113,3244453,5049,12692040,9443761,55261,15953,69504
2022-06-19 04:34:03.548696,3244453,5049,12758563,9460791,53707,17030,66552
2022-06-19 10:20:39.287219,3295076,5221,12758563,9460791,53707,17030,66552
2022-06-20 04:30:12.130433,3295076,5221,12806345,9471959,50636,11168,47809
2022-06-20 10:27:00.646295,3330695,5365,12806345,9471959,50636,11168,47809
2022-06-21 04:41:13.872202,3330695,5365,12881684,9492174,35632,20215,75396
2022-06-21 10:32:10.886893,3387061,5480,12881684,9492174,35632,20215,75396
2022-06-22 04:38:33.579475,3387061,5480,12953613,9511036,56404,18862,71975
2022-06-22 10:24:35.919778,3439279,5651,12953613,9511036,56404,18862,71975
2022-06-23 04:39:12.564697,3439279,5651,13021521,9529998,52246,18962,67953
2022-06-23 10:22:42.994029,3487599,5817,13021521,9529998,52246,18962,67953
2022-06-24 04:42:15.073952,3487599,5817,13084221,9547671,48356,17673,62741
2022-06-24 10:24:16.074777,3533335,5969,13084221,9547671,48356,17673,62741
2022-06-25 04:31:33.366743,3533335,5969,13140344,9563489,45767,15818,56160
2022-06-25 10:20:37.480096,3573703,6120,13140344,9563489,45767,15818,56160
2022-06-26 04:33:28.359102,3573703,6120,13195867,9579884,40398,16395,55543
2022-06-26 10:20:59.629052,3613345,6254,13195867,9579884,40398,16395,55543
2022-06-27 04:55:07.929742,3613345,6254,13236663,9591583,39646,11699,40806
2022-06-27 10:25:17.724872,3641921,6345,13236663,9591583,39646,11699,40806
2022-06-28 04:45:53.280812,3641921,6345,13299702,9611932,28580,20349,63087
2022-06-28 10:23:00.822586,3686338,6448,13299702,9611932,28580,20349,63087
2022-06-29 04:50:55.427657,3686338,6448,13361638,9630090,44428,18158,62141
